rainfall,temp,humidity,moisture,disease
0,10,90,10,D1
0.1,11,90,11,D1
0.2,12,90,12,D1
0.3,13,90,13,D1
0.4,14,90,14,D1
0.5,15,90,10,D1
0.6,16,90,11,D1
0.7,17,90,12,D1
0.8,18,90,13,D1
0.9,19,90,14,D1
0,20,90,10,D1
0.1,10,90,11,D1
0.2,11,90,12,D1
0.3,12,90,13,D1
0.4,13,90,14,D1
0.5,14,90,10,D1
0.6,15,90,11,D1
0.7,16,90,12,D1
0.8,17,90,13,D1
0.9,18,90,14,D1
0,19,90,10,D1
0.1,20,90,11,D1
0.2,10,90,12,D1
0.3,11,90,13,D1
0.4,12,90,14,D1
0.5,13,90,10,D1
0.6,14,90,11,D1
0.7,15,90,12,D1
0.8,16,90,13,D1
0.9,17,90,14,D1
0,18,90,10,D1
0.1,19,90,11,D1
0.2,20,90,12,D1
0.3,10,90,13,D1
0.4,11,90,14,D1
0.5,12,90,10,D1
0.6,13,90,11,D1
0.7,14,90,12,D1
0.8,15,90,13,D1
0.9,16,90,14,D1
0,17,90,10,D1
0.1,18,90,11,D1
0.2,19,90,12,D1
0.3,20,90,13,D1
0.4,10,90,14,D1
0.5,11,90,10,D1
0.6,12,90,11,D1
0.7,13,90,12,D1
0.8,14,90,13,D1
0.9,15,90,14,D1
0,16,90,10,D1
0.1,17,90,11,D1
0.2,18,90,12,D1
0.3,19,90,13,D1
0.4,20,90,14,D1
0.5,10,90,10,D1
0.6,11,90,11,D1
0.7,12,90,12,D1
0.8,13,90,13,D1
0.9,14,90,14,D1
0,15,90,10,D1
0.1,16,90,11,D1
0.2,17,90,12,D1
0.3,18,90,13,D1
0.4,19,90,14,D1
0.5,20,90,10,D1
0.6,10,90,11,D1
0.7,11,90,12,D1
0.8,12,90,13,D1
0.9,13,90,14,D1
0,14,90,10,D1
0.1,15,90,11,D1
0.2,16,90,12,D1
0.3,17,90,13,D1
0.4,18,90,14,D1
0.5,19,90,10,D1
0.6,20,90,11,D1
0.7,10,90,12,D1
0.8,11,90,13,D1
0.9,12,90,14,D1
0,13,90,10,D1
0.1,14,90,11,D1
0.2,15,90,12,D1
0.3,16,90,13,D1
0.4,17,90,14,D1
0.5,18,90,10,D1
0.6,19,90,11,D1
0.7,20,90,12,D1
0.8,10,90,13,D1
0.9,11,90,14,D1
0,12,90,10,D1
0.1,13,90,11,D1
0.2,14,90,12,D1
0.3,15,90,13,D1
0.4,16,90,14,D1
0.5,17,90,10,D1
0.6,18,90,11,D1
0.7,19,90,12,D1
0.8,20,90,13,D1
0.9,10,90,14,D1
0,11,90,10,D1
0.1,12,90,11,D1
0.2,13,90,12,D1
0.3,14,90,13,D1
0.4,15,90,14,D1
0.5,16,90,10,D1
0.6,17,90,11,D1
0.7,18,90,12,D1
0.8,19,90,13,D1
0.9,20,90,14,D1
0,10,91,10,D1
0.1,11,91,11,D1
0.2,12,91,12,D1
0.3,13,91,13,D1
0.4,14,91,14,D1
0.5,15,91,10,D1
0.6,16,91,11,D1
0.7,17,91,12,D1
0.8,18,91,13,D1
0.9,19,91,14,D1
0,20,91,10,D1
0.1,10,91,11,D1
0.2,11,91,12,D1
0.3,12,91,13,D1
0.4,13,91,14,D1
0.5,14,91,10,D1
0.6,15,91,11,D1
0.7,16,91,12,D1
0.8,17,91,13,D1
0.9,18,91,14,D1
0,19,91,10,D1
0.1,20,91,11,D1
0.2,10,91,12,D1
0.3,11,91,13,D1
0.4,12,91,14,D1
0.5,13,91,10,D1
0.6,14,91,11,D1
0.7,15,91,12,D1
0.8,16,91,13,D1
0.9,17,91,14,D1
0,18,91,10,D1
0.1,19,91,11,D1
0.2,20,91,12,D1
0.3,10,91,13,D1
0.4,11,91,14,D1
0.5,12,91,10,D1
0.6,13,91,11,D1
0.7,14,91,12,D1
0.8,15,91,13,D1
0.9,16,91,14,D1
0,17,91,10,D1
0.1,18,91,11,D1
0.2,19,91,12,D1
0.3,20,91,13,D1
0.4,10,91,14,D1
0.5,11,91,10,D1
0.6,12,91,11,D1
0.7,13,91,12,D1
0.8,14,91,13,D1
0.9,15,91,14,D1
0,16,91,10,D1
0.1,17,91,11,D1
0.2,18,91,12,D1
0.3,19,91,13,D1
0.4,20,91,14,D1
0.5,10,91,10,D1
0.6,11,91,11,D1
0.7,12,91,12,D1
0.8,13,91,13,D1
0.9,14,91,14,D1
0,15,91,10,D1
0.1,16,91,11,D1
0.2,17,91,12,D1
0.3,18,91,13,D1
0.4,19,91,14,D1
0.5,20,91,10,D1
0.6,10,91,11,D1
0.7,11,91,12,D1
0.8,12,91,13,D1
0.9,13,91,14,D1
0,14,91,10,D1
0.1,15,91,11,D1
0.2,16,91,12,D1
0.3,17,91,13,D1
0.4,18,91,14,D1
0.5,19,91,10,D1
0.6,20,91,11,D1
0.7,10,91,12,D1
0.8,11,91,13,D1
0.9,12,91,14,D1
0,13,91,10,D1
0.1,14,91,11,D1
0.2,15,91,12,D1
0.3,16,91,13,D1
0.4,17,91,14,D1
0.5,18,91,10,D1
0.6,19,91,11,D1
0.7,20,91,12,D1
0.8,10,91,13,D1
0.9,11,91,14,D1
0,12,91,10,D1
0.1,13,91,11,D1
0.2,14,91,12,D1
0.3,15,91,13,D1
0.4,16,91,14,D1
0.5,17,91,10,D1
0.6,18,91,11,D1
0.7,19,91,12,D1
0.8,20,91,13,D1
0.9,10,91,14,D1
0,11,91,10,D1
0.1,12,91,11,D1
0.2,13,91,12,D1
0.3,14,91,13,D1
0.4,15,91,14,D1
0.5,16,91,10,D1
0.6,17,91,11,D1
0.7,18,91,12,D1
0.8,19,91,13,D1
0.9,20,91,14,D1
0,10,92,10,D1
0.1,11,92,11,D1
0.2,12,92,12,D1
0.3,13,92,13,D1
0.4,14,92,14,D1
0.5,15,92,10,D1
0.6,16,92,11,D1
0.7,17,92,12,D1
0.8,18,92,13,D1
0.9,19,92,14,D1
0,20,92,10,D1
0.1,10,92,11,D1
0.2,11,92,12,D1
0.3,12,92,13,D1
0.4,13,92,14,D1
0.5,14,92,10,D1
0.6,15,92,11,D1
0.7,16,92,12,D1
0.8,17,92,13,D1
0.9,18,92,14,D1
0,19,92,10,D1
0.1,20,92,11,D1
0.2,10,92,12,D1
0.3,11,92,13,D1
0.4,12,92,14,D1
0.5,13,92,10,D1
0.6,14,92,11,D1
0.7,15,92,12,D1
0.8,16,92,13,D1
0.9,17,92,14,D1
0,18,92,10,D1
0.1,19,92,11,D1
0.2,20,92,12,D1
0.3,10,92,13,D1
0.4,11,92,14,D1
0.5,12,92,10,D1
0.6,13,92,11,D1
0.7,14,92,12,D1
0.8,15,92,13,D1
0.9,16,92,14,D1
0,17,92,10,D1
0.1,18,92,11,D1
0.2,19,92,12,D1
0.3,20,92,13,D1
0.4,10,92,14,D1
0.5,11,92,10,D1
0.6,12,92,11,D1
0.7,13,92,12,D1
0.8,14,92,13,D1
0.9,15,92,14,D1
0,16,92,10,D1
0.1,17,92,11,D1
0.2,18,92,12,D1
0.3,19,92,13,D1
0.4,20,92,14,D1
0.5,10,92,10,D1
0.6,11,92,11,D1
0.7,12,92,12,D1
0.8,13,92,13,D1
0.9,14,92,14,D1
0,15,92,10,D1
0.1,16,92,11,D1
0.2,17,92,12,D1
0.3,18,92,13,D1
0.4,19,92,14,D1
0.5,20,92,10,D1
0.6,10,92,11,D1
0.7,11,92,12,D1
0.8,12,92,13,D1
0.9,13,92,14,D1
0,14,92,10,D1
0.1,15,92,11,D1
0.2,16,92,12,D1
0.3,17,92,13,D1
0.4,18,92,14,D1
0.5,19,92,10,D1
0.6,20,92,11,D1
0.7,10,92,12,D1
0.8,11,92,13,D1
0.9,12,92,14,D1
0,13,92,10,D1
0.1,14,92,11,D1
0.2,15,92,12,D1
0.3,16,92,13,D1
0.4,17,92,14,D1
0.5,18,92,10,D1
0.6,19,92,11,D1
0.7,20,92,12,D1
0.8,10,92,13,D1
0.9,11,92,14,D1
0,12,92,10,D1
0.1,13,92,11,D1
0.2,14,92,12,D1
0.3,15,92,13,D1
0.4,16,92,14,D1
0.5,17,92,10,D1
0.6,18,92,11,D1
0.7,19,92,12,D1
0.8,20,92,13,D1
0.9,10,92,14,D1
0,11,92,10,D1
0.1,12,92,11,D1
0.2,13,92,12,D1
0.3,14,92,13,D1
0.4,15,92,14,D1
0.5,16,92,10,D1
0.6,17,92,11,D1
0.7,18,92,12,D1
0.8,19,92,13,D1
0.9,20,92,14,D1
0,10,93,10,D1
0.1,11,93,11,D1
0.2,12,93,12,D1
0.3,13,93,13,D1
0.4,14,93,14,D1
0.5,15,93,10,D1
0.6,16,93,11,D1
0.7,17,93,12,D1
0.8,18,93,13,D1
0.9,19,93,14,D1
0,20,93,10,D1
0.1,10,93,11,D1
0.2,11,93,12,D1
0.3,12,93,13,D1
0.4,13,93,14,D1
0.5,14,93,10,D1
0.6,15,93,11,D1
0.7,16,93,12,D1
0.8,17,93,13,D1
0.9,18,93,14,D1
0,19,93,10,D1
0.1,20,93,11,D1
0.2,10,93,12,D1
0.3,11,93,13,D1
0.4,12,93,14,D1
0.5,13,93,10,D1
0.6,14,93,11,D1
0.7,15,93,12,D1
0.8,16,93,13,D1
0.9,17,93,14,D1
0,18,93,10,D1
0.1,19,93,11,D1
0.2,20,93,12,D1
0.3,10,93,13,D1
0.4,11,93,14,D1
0.5,12,93,10,D1
0.6,13,93,11,D1
0.7,14,93,12,D1
0.8,15,93,13,D1
0.9,16,93,14,D1
0,17,93,10,D1
0.1,18,93,11,D1
0.2,19,93,12,D1
0.3,20,93,13,D1
0.4,10,93,14,D1
0.5,11,93,10,D1
0.6,12,93,11,D1
0.7,13,93,12,D1
0.8,14,93,13,D1
0.9,15,93,14,D1
0,16,93,10,D1
0.1,17,93,11,D1
0.2,18,93,12,D1
0.3,19,93,13,D1
0.4,20,93,14,D1
0.5,10,93,10,D1
0.6,11,93,11,D1
0.7,12,93,12,D1
0.8,13,93,13,D1
0.9,14,93,14,D1
0,15,93,10,D1
0.1,16,93,11,D1
0.2,17,93,12,D1
0.3,18,93,13,D1
0.4,19,93,14,D1
0.5,20,93,10,D1
0.6,10,93,11,D1
0.7,11,93,12,D1
0.8,12,93,13,D1
0.9,13,93,14,D1
0,14,93,10,D1
0.1,15,93,11,D1
0.2,16,93,12,D1
0.3,17,93,13,D1
0.4,18,93,14,D1
0.5,19,93,10,D1
0.6,20,93,11,D1
0.7,10,93,12,D1
0.8,11,93,13,D1
0.9,12,93,14,D1
0,13,93,10,D1
0.1,14,93,11,D1
0.2,15,93,12,D1
0.3,16,93,13,D1
0.4,17,93,14,D1
0.5,18,93,10,D1
0.6,19,93,11,D1
0.7,20,93,12,D1
0.8,10,93,13,D1
0.9,11,93,14,D1
0,12,93,10,D1
0.1,13,93,11,D1
0.2,14,93,12,D1
0.3,15,93,13,D1
0.4,16,93,14,D1
0.5,17,93,10,D1
0.6,18,93,11,D1
0.7,19,93,12,D1
0.8,20,93,13,D1
0.9,10,93,14,D1
0,11,93,10,D1
0.1,12,93,11,D1
0.2,13,93,12,D1
0.3,14,93,13,D1
0.4,15,93,14,D1
0.5,16,93,10,D1
0.6,17,93,11,D1
0.7,18,93,12,D1
0.8,19,93,13,D1
0.9,20,93,14,D1
0,10,94,10,D1
0.1,11,94,11,D1
0.2,12,94,12,D1
0.3,13,94,13,D1
0.4,14,94,14,D1
0.5,15,94,10,D1
0.6,16,94,11,D1
0.7,17,94,12,D1
0.8,18,94,13,D1
0.9,19,94,14,D1
0,20,94,10,D1
0.1,10,94,11,D1
0.2,11,94,12,D1
0.3,12,94,13,D1
0.4,13,94,14,D1
0.5,14,94,10,D1
0.6,15,94,11,D1
0.7,16,94,12,D1
0.8,17,94,13,D1
0.9,18,94,14,D1
0,19,94,10,D1
0.1,20,94,11,D1
0.2,10,94,12,D1
0.3,11,94,13,D1
0.4,12,94,14,D1
0.5,13,94,10,D1
0.6,14,94,11,D1
0.7,15,94,12,D1
0.8,16,94,13,D1
0.9,17,94,14,D1
0,18,94,10,D1
0.1,19,94,11,D1
0.2,20,94,12,D1
0.3,10,94,13,D1
0.4,11,94,14,D1
0.5,12,94,10,D1
0.6,13,94,11,D1
0.7,14,94,12,D1
0.8,15,94,13,D1
0.9,16,94,14,D1
0,17,94,10,D1
0.1,18,94,11,D1
0.2,19,94,12,D1
0.3,20,94,13,D1
0.4,10,94,14,D1
0.5,11,94,10,D1
0.6,12,94,11,D1
0.7,13,94,12,D1
0.8,14,94,13,D1
0.9,15,94,14,D1
0,16,94,10,D1
0.1,17,94,11,D1
0.2,18,94,12,D1
0.3,19,94,13,D1
0.4,20,94,14,D1
0.5,10,94,10,D1
0.6,11,94,11,D1
0.7,12,94,12,D1
0.8,13,94,13,D1
0.9,14,94,14,D1
0,15,94,10,D1
0.1,16,94,11,D1
0.2,17,94,12,D1
0.3,18,94,13,D1
0.4,19,94,14,D1
0.5,20,94,10,D1
0.6,10,94,11,D1
0.7,11,94,12,D1
0.8,12,94,13,D1
0.9,13,94,14,D1
0,14,94,10,D1
0.1,15,94,11,D1
0.2,16,94,12,D1
0.3,17,94,13,D1
0.4,18,94,14,D1
0.5,19,94,10,D1
0.6,20,94,11,D1
0.7,10,94,12,D1
0.8,11,94,13,D1
0.9,12,94,14,D1
0,13,94,10,D1
0.1,14,94,11,D1
0.2,15,94,12,D1
0.3,16,94,13,D1
0.4,17,94,14,D1
0.5,18,94,10,D1
0.6,19,94,11,D1
0.7,20,94,12,D1
0.8,10,94,13,D1
0.9,11,94,14,D1
0,12,94,10,D1
0.1,13,94,11,D1
0.2,14,94,12,D1
0.3,15,94,13,D1
0.4,16,94,14,D1
0.5,17,94,10,D1
0.6,18,94,11,D1
0.7,19,94,12,D1
0.8,20,94,13,D1
0.9,10,94,14,D1
0,11,94,10,D1
0.1,12,94,11,D1
0.2,13,94,12,D1
0.3,14,94,13,D1
0.4,15,94,14,D1
0.5,16,94,10,D1
0.6,17,94,11,D1
0.7,18,94,12,D1
0.8,19,94,13,D1
0.9,20,94,14,D1
0,10,95,10,D1
0.1,11,95,11,D1
0.2,12,95,12,D1
0.3,13,95,13,D1
0.4,14,95,14,D1
0.5,15,95,10,D1
0.6,16,95,11,D1
0.7,17,95,12,D1
0.8,18,95,13,D1
0.9,19,95,14,D1
0,20,95,10,D1
0.1,10,95,11,D1
0.2,11,95,12,D1
0.3,12,95,13,D1
0.4,13,95,14,D1
0.5,14,95,10,D1
0.6,15,95,11,D1
0.7,16,95,12,D1
0.8,17,95,13,D1
0.9,18,95,14,D1
0,19,95,10,D1
0.1,20,95,11,D1
0.2,10,95,12,D1
0.3,11,95,13,D1
0.4,12,95,14,D1
0.5,13,95,10,D1
0.6,14,95,11,D1
0.7,15,95,12,D1
0.8,16,95,13,D1
0.9,17,95,14,D1
0,18,95,10,D1
0.1,19,95,11,D1
0.2,20,95,12,D1
0.3,10,95,13,D1
0.4,11,95,14,D1
0.5,12,95,10,D1
0.6,13,95,11,D1
0.7,14,95,12,D1
0.8,15,95,13,D1
0.9,16,95,14,D1
0,17,95,10,D1
0.1,18,95,11,D1
0.2,19,95,12,D1
0.3,20,95,13,D1
0.4,10,95,14,D1
0.5,11,95,10,D1
0.6,12,95,11,D1
0.7,13,95,12,D1
0.8,14,95,13,D1
0.9,15,95,14,D1
0,16,95,10,D1
0.1,17,95,11,D1
0.2,18,95,12,D1
0.3,19,95,13,D1
0.4,20,95,14,D1
0.5,10,95,10,D1
0.6,11,95,11,D1
0.7,12,95,12,D1
0.8,13,95,13,D1
0.9,14,95,14,D1
0,15,95,10,D1
0.1,16,95,11,D1
0.2,17,95,12,D1
0.3,18,95,13,D1
0.4,19,95,14,D1
0.5,20,95,10,D1
0.6,10,95,11,D1
0.7,11,95,12,D1
0.8,12,95,13,D1
0.9,13,95,14,D1
0,14,95,10,D1
0.1,15,95,11,D1
0.2,16,95,12,D1
0.3,17,95,13,D1
0.4,18,95,14,D1
0.5,19,95,10,D1
0.6,20,95,11,D1
0.7,10,95,12,D1
0.8,11,95,13,D1
0.9,12,95,14,D1
0,13,95,10,D1
0.1,14,95,11,D1
0.2,15,95,12,D1
0.3,16,95,13,D1
0.4,17,95,14,D1
0.5,18,95,10,D1
0.6,19,95,11,D1
0.7,20,95,12,D1
0.8,10,95,13,D1
0.9,11,95,14,D1
0,12,95,10,D1
0.1,13,95,11,D1
0.2,14,95,12,D1
0.3,15,95,13,D1
0.4,16,95,14,D1
0.5,17,95,10,D1
0.6,18,95,11,D1
0.7,19,95,12,D1
0.8,20,95,13,D1
0.9,10,95,14,D1
0,11,95,10,D1
0.1,12,95,11,D1
0.2,13,95,12,D1
0.3,14,95,13,D1
0.4,15,95,14,D1
0.5,16,95,10,D1
0.6,17,95,11,D1
0.7,18,95,12,D1
0.8,19,95,13,D1
0.9,20,95,14,D1
0,10,96,10,D1
0.1,11,96,11,D1
0.2,12,96,12,D1
0.3,13,96,13,D1
0.4,14,96,14,D1
0.5,15,96,10,D1
0.6,16,96,11,D1
0.7,17,96,12,D1
0.8,18,96,13,D1
0.9,19,96,14,D1
0,20,96,10,D1
0.1,10,96,11,D1
0.2,11,96,12,D1
0.3,12,96,13,D1
0.4,13,96,14,D1
0.5,14,96,10,D1
0.6,15,96,11,D1
0.7,16,96,12,D1
0.8,17,96,13,D1
0.9,18,96,14,D1
0,19,96,10,D1
0.1,20,96,11,D1
0.2,10,96,12,D1
0.3,11,96,13,D1
0.4,12,96,14,D1
0.5,13,96,10,D1
0.6,14,96,11,D1
0.7,15,96,12,D1
0.8,16,96,13,D1
0.9,17,96,14,D1
0,18,96,10,D1
0.1,19,96,11,D1
0.2,20,96,12,D1
0.3,10,96,13,D1
0.4,11,96,14,D1
0.5,12,96,10,D1
0.6,13,96,11,D1
0.7,14,96,12,D1
0.8,15,96,13,D1
0.9,16,96,14,D1
0,17,96,10,D1
0.1,18,96,11,D1
0.2,19,96,12,D1
0.3,20,96,13,D1
0.4,10,96,14,D1
0.5,11,96,10,D1
0.6,12,96,11,D1
0.7,13,96,12,D1
0.8,14,96,13,D1
0.9,15,96,14,D1
0,16,96,10,D1
0.1,17,96,11,D1
0.2,18,96,12,D1
0.3,19,96,13,D1
0.4,20,96,14,D1
0.5,10,96,10,D1
0.6,11,96,11,D1
0.7,12,96,12,D1
0.8,13,96,13,D1
0.9,14,96,14,D1
0,15,96,10,D1
0.1,16,96,11,D1
0.2,17,96,12,D1
0.3,18,96,13,D1
0.4,19,96,14,D1
0.5,20,96,10,D1
0.6,10,96,11,D1
0.7,11,96,12,D1
0.8,12,96,13,D1
0.9,13,96,14,D1
0,14,96,10,D1
0.1,15,96,11,D1
0.2,16,96,12,D1
0.3,17,96,13,D1
0.4,18,96,14,D1
0.5,19,96,10,D1
0.6,20,96,11,D1
0.7,10,96,12,D1
0.8,11,96,13,D1
0.9,12,96,14,D1
0,13,96,10,D1
0.1,14,96,11,D1
0.2,15,96,12,D1
0.3,16,96,13,D1
0.4,17,96,14,D1
0.5,18,96,10,D1
0.6,19,96,11,D1
0.7,20,96,12,D1
0.8,10,96,13,D1
0.9,11,96,14,D1
0,12,96,10,D1
0.1,13,96,11,D1
0.2,14,96,12,D1
0.3,15,96,13,D1
0.4,16,96,14,D1
0.5,17,96,10,D1
0.6,18,96,11,D1
0.7,19,96,12,D1
0.8,20,96,13,D1
0.9,10,96,14,D1
0,11,96,10,D1
0.1,12,96,11,D1
0.2,13,96,12,D1
0.3,14,96,13,D1
0.4,15,96,14,D1
0.5,16,96,10,D1
0.6,17,96,11,D1
0.7,18,96,12,D1
0.8,19,96,13,D1
0.9,20,96,14,D1
0,10,97,10,D1
0.1,11,97,11,D1
0.2,12,97,12,D1
0.3,13,97,13,D1
0.4,14,97,14,D1
0.5,15,97,10,D1
0.6,16,97,11,D1
0.7,17,97,12,D1
0.8,18,97,13,D1
0.9,19,97,14,D1
0,20,97,10,D1
0.1,10,97,11,D1
0.2,11,97,12,D1
0.3,12,97,13,D1
0.4,13,97,14,D1
0.5,14,97,10,D1
0.6,15,97,11,D1
0.7,16,97,12,D1
0.8,17,97,13,D1
0.9,18,97,14,D1
0,19,97,10,D1
0.1,20,97,11,D1
0.2,10,97,12,D1
0.3,11,97,13,D1
0.4,12,97,14,D1
0.5,13,97,10,D1
0.6,14,97,11,D1
0.7,15,97,12,D1
0.8,16,97,13,D1
0.9,17,97,14,D1
0,18,97,10,D1
0.1,19,97,11,D1
0.2,20,97,12,D1
0.3,10,97,13,D1
0.4,11,97,14,D1
0.5,12,97,10,D1
0.6,13,97,11,D1
0.7,14,97,12,D1
0.8,15,97,13,D1
0.9,16,97,14,D1
0,17,97,10,D1
0.1,18,97,11,D1
0.2,19,97,12,D1
0.3,20,97,13,D1
0.4,10,97,14,D1
0.5,11,97,10,D1
0.6,12,97,11,D1
0.7,13,97,12,D1
0.8,14,97,13,D1
0.9,15,97,14,D1
0,16,97,10,D1
0.1,17,97,11,D1
0.2,18,97,12,D1
0.3,19,97,13,D1
0.4,20,97,14,D1
0.5,10,97,10,D1
0.6,11,97,11,D1
0.7,12,97,12,D1
0.8,13,97,13,D1
0.9,14,97,14,D1
0,15,97,10,D1
0.1,16,97,11,D1
0.2,17,97,12,D1
0.3,18,97,13,D1
0.4,19,97,14,D1
0.5,20,97,10,D1
0.6,10,97,11,D1
0.7,11,97,12,D1
0.8,12,97,13,D1
0.9,13,97,14,D1
0,14,97,10,D1
0.1,15,97,11,D1
0.2,16,97,12,D1
0.3,17,97,13,D1
0.4,18,97,14,D1
0.5,19,97,10,D1
0.6,20,97,11,D1
0.7,10,97,12,D1
0.8,11,97,13,D1
0.9,12,97,14,D1
0,13,97,10,D1
0.1,14,97,11,D1
0.2,15,97,12,D1
0.3,16,97,13,D1
0.4,17,97,14,D1
0.5,18,97,10,D1
0.6,19,97,11,D1
0.7,20,97,12,D1
0.8,10,97,13,D1
0.9,11,97,14,D1
0,12,97,10,D1
0.1,13,97,11,D1
0.2,14,97,12,D1
0.3,15,97,13,D1
0.4,16,97,14,D1
0.5,17,97,10,D1
0.6,18,97,11,D1
0.7,19,97,12,D1
0.8,20,97,13,D1
0.9,10,97,14,D1
0,11,97,10,D1
0.1,12,97,11,D1
0.2,13,97,12,D1
0.3,14,97,13,D1
0.4,15,97,14,D1
0.5,16,97,10,D1
0.6,17,97,11,D1
0.7,18,97,12,D1
0.8,19,97,13,D1
0.9,20,97,14,D1
0,10,98,10,D1
0.1,11,98,11,D1
0.2,12,98,12,D1
0.3,13,98,13,D1
0.4,14,98,14,D1
0.5,15,98,10,D1
0.6,16,98,11,D1
0.7,17,98,12,D1
0.8,18,98,13,D1
0.9,19,98,14,D1
0,20,98,10,D1
0.1,10,98,11,D1
0.2,11,98,12,D1
0.3,12,98,13,D1
0.4,13,98,14,D1
0.5,14,98,10,D1
0.6,15,98,11,D1
0.7,16,98,12,D1
0.8,17,98,13,D1
0.9,18,98,14,D1
0,19,98,10,D1
0.1,20,98,11,D1
0.2,10,98,12,D1
0.3,11,98,13,D1
0.4,12,98,14,D1
0.5,13,98,10,D1
0.6,14,98,11,D1
0.7,15,98,12,D1
0.8,16,98,13,D1
0.9,17,98,14,D1
0,18,98,10,D1
0.1,19,98,11,D1
0.2,20,98,12,D1
0.3,10,98,13,D1
0.4,11,98,14,D1
0.5,12,98,10,D1
0.6,13,98,11,D1
0.7,14,98,12,D1
0.8,15,98,13,D1
0.9,16,98,14,D1
0,17,98,10,D1
0.1,18,98,11,D1
0.2,19,98,12,D1
0.3,20,98,13,D1
0.4,10,98,14,D1
0.5,11,98,10,D1
0.6,12,98,11,D1
0.7,13,98,12,D1
0.8,14,98,13,D1
0.9,15,98,14,D1
0,16,98,10,D1
0.1,17,98,11,D1
0.2,18,98,12,D1
0.3,19,98,13,D1
0.4,20,98,14,D1
0.5,10,98,10,D1
0.6,11,98,11,D1
0.7,12,98,12,D1
0.8,13,98,13,D1
0.9,14,98,14,D1
0,15,98,10,D1
0.1,16,98,11,D1
0.2,17,98,12,D1
0.3,18,98,13,D1
0.4,19,98,14,D1
0.5,20,98,10,D1
0.6,10,98,11,D1
0.7,11,98,12,D1
0.8,12,98,13,D1
0.9,13,98,14,D1
0,14,98,10,D1
0.1,15,98,11,D1
0.2,16,98,12,D1
0.3,17,98,13,D1
0.4,18,98,14,D1
0.5,19,98,10,D1
0.6,20,98,11,D1
0.7,10,98,12,D1
0.8,11,98,13,D1
0.9,12,98,14,D1
0,13,98,10,D1
0.1,14,98,11,D1
0.2,15,98,12,D1
0.3,16,98,13,D1
0.4,17,98,14,D1
0.5,18,98,10,D1
0.6,19,98,11,D1
0.7,20,98,12,D1
0.8,10,98,13,D1
0.9,11,98,14,D1
0,12,98,10,D1
0.1,13,98,11,D1
0.2,14,98,12,D1
0.3,15,98,13,D1
0.4,16,98,14,D1
0.5,17,98,10,D1
0.6,18,98,11,D1
0.7,19,98,12,D1
0.8,20,98,13,D1
0.9,10,98,14,D1
0,11,98,10,D1
0.1,12,98,11,D1
0.2,13,98,12,D1
0.3,14,98,13,D1
0.4,15,98,14,D1
0.5,16,98,10,D1
0.6,17,98,11,D1
0.7,18,98,12,D1
0.8,19,98,13,D1
0.9,20,98,14,D1
0,10,99,10,D1
0.1,11,99,11,D1
0.2,12,99,12,D1
0.3,13,99,13,D1
0.4,14,99,14,D1
0.5,15,99,10,D1
0.6,16,99,11,D1
0.7,17,99,12,D1
0.8,18,99,13,D1
0.9,19,99,14,D1
0,20,99,10,D1
0.1,10,99,11,D1
0.2,11,99,12,D1
0.3,12,99,13,D1
0.4,13,99,14,D1
0.5,14,99,10,D1
0.6,15,99,11,D1
0.7,16,99,12,D1
0.8,17,99,13,D1
0.9,18,99,14,D1
0,19,99,10,D1
0.1,20,99,11,D1
0.2,10,99,12,D1
0.3,11,99,13,D1
0.4,12,99,14,D1
0.5,13,99,10,D1
0.6,14,99,11,D1
0.7,15,99,12,D1
0.8,16,99,13,D1
0.9,17,99,14,D1
0,18,99,10,D1
0.1,19,99,11,D1
0.2,20,99,12,D1
0.3,10,99,13,D1
0.4,11,99,14,D1
0.5,12,99,10,D1
0.6,13,99,11,D1
0.7,14,99,12,D1
0.8,15,99,13,D1
0.9,16,99,14,D1
0,17,99,10,D1
0.1,18,99,11,D1
0.2,19,99,12,D1
0.3,20,99,13,D1
0.4,10,99,14,D1
0.5,11,99,10,D1
0.6,12,99,11,D1
0.7,13,99,12,D1
0.8,14,99,13,D1
0.9,15,99,14,D1
0,16,99,10,D1
0.1,17,99,11,D1
0.2,18,99,12,D1
0.3,19,99,13,D1
0.4,20,99,14,D1
0.5,10,99,10,D1
0.6,11,99,11,D1
0.7,12,99,12,D1
0.8,13,99,13,D1
0.9,14,99,14,D1
0,15,99,10,D1
0.1,16,99,11,D1
0.2,17,99,12,D1
0.3,18,99,13,D1
0.4,19,99,14,D1
0.5,20,99,10,D1
0.6,10,99,11,D1
0.7,11,99,12,D1
0.8,12,99,13,D1
0.9,13,99,14,D1
0,14,99,10,D1
0.1,15,99,11,D1
0.2,16,99,12,D1
0.3,17,99,13,D1
0.4,18,99,14,D1
0.5,19,99,10,D1
0.6,20,99,11,D1
0.7,10,99,12,D1
0.8,11,99,13,D1
0.9,12,99,14,D1
0,13,99,10,D1
0.1,14,99,11,D1
0.2,15,99,12,D1
0.3,16,99,13,D1
0.4,17,99,14,D1
0.5,18,99,10,D1
0.6,19,99,11,D1
0.7,20,99,12,D1
0.8,10,99,13,D1
0.9,11,99,14,D1
0,12,99,10,D1
0.1,13,99,11,D1
0.2,14,99,12,D1
0.3,15,99,13,D1
0.4,16,99,14,D1
0.5,17,99,10,D1
0.6,18,99,11,D1
0.7,19,99,12,D1
0.8,20,99,13,D1
0.9,10,99,14,D1
0,11,99,10,D1
0.1,12,99,11,D1
0.2,13,99,12,D1
0.3,14,99,13,D1
0.4,15,99,14,D1
0.5,16,99,10,D1
0.6,17,99,11,D1
0.7,18,99,12,D1
0.8,19,99,13,D1
0.9,20,99,14,D1
0,10,100,10,D1
0.1,11,100,11,D1
0.2,12,100,12,D1
0.3,13,100,13,D1
0.4,14,100,14,D1
0.5,15,100,10,D1
0.6,16,100,11,D1
0.7,17,100,12,D1
0.8,18,100,13,D1
0.9,19,100,14,D1
0,20,100,10,D1
0.1,10,100,11,D1
0.2,11,100,12,D1
0.3,12,100,13,D1
0.4,13,100,14,D1
0.5,14,100,10,D1
0.6,15,100,11,D1
0.7,16,100,12,D1
0.8,17,100,13,D1
0.9,18,100,14,D1
0,19,100,10,D1
0.1,20,100,11,D1
0.2,10,100,12,D1
0.3,11,100,13,D1
0.4,12,100,14,D1
0.5,13,100,10,D1
0.6,14,100,11,D1
0.7,15,100,12,D1
0.8,16,100,13,D1
0.9,17,100,14,D1
0,18,100,10,D1
0.1,19,100,11,D1
0.2,20,100,12,D1
0.3,10,100,13,D1
0.4,11,100,14,D1
0.5,12,100,10,D1
0.6,13,100,11,D1
0.7,14,100,12,D1
0.8,15,100,13,D1
0.9,16,100,14,D1
0,17,100,10,D1
0.1,18,100,11,D1
0.2,19,100,12,D1
0.3,20,100,13,D1
0.4,10,100,14,D1
0.5,11,100,10,D1
0.6,12,100,11,D1
0.7,13,100,12,D1
0.8,14,100,13,D1
0.9,15,100,14,D1
0,16,100,10,D1
0.1,17,100,11,D1
0.2,18,100,12,D1
0.3,19,100,13,D1
0.4,20,100,14,D1
0.5,10,100,10,D1
0.6,11,100,11,D1
0.7,12,100,12,D1
0.8,13,100,13,D1
0.9,14,100,14,D1
0,15,100,10,D1
0.1,16,100,11,D1
0.2,17,100,12,D1
0.3,18,100,13,D1
0.4,19,100,14,D1
0.5,20,100,10,D1
0.6,10,100,11,D1
0.7,11,100,12,D1
0.8,12,100,13,D1
0.9,13,100,14,D1
0,14,100,10,D1
0.1,15,100,11,D1
0.2,16,100,12,D1
0.3,17,100,13,D1
0.4,18,100,14,D1
0.5,19,100,10,D1
0.6,20,100,11,D1
0.7,10,100,12,D1
0.8,11,100,13,D1
0.9,12,100,14,D1
0,13,100,10,D1
0.1,14,100,11,D1
0.2,15,100,12,D1
0.3,16,100,13,D1
0.4,17,100,14,D1
0.5,18,100,10,D1
0.6,19,100,11,D1
0.7,20,100,12,D1
0.8,10,100,13,D1
0.9,11,100,14,D1
0,12,100,10,D1
0.1,13,100,11,D1
0.2,14,100,12,D1
0.3,15,100,13,D1
0.4,16,100,14,D1
0.5,17,100,10,D1
0.6,18,100,11,D1
0.7,19,100,12,D1
0.8,20,100,13,D1
0.9,10,100,14,D1
0,11,100,10,D1
0.1,12,100,11,D1
0.2,13,100,12,D1
0.3,14,100,13,D1
0.4,15,100,14,D1
0.5,16,100,10,D1
0.6,17,100,11,D1
0.7,18,100,12,D1
0.8,19,100,13,D1
0.9,20,100,14,D1
0,10,80,10,D2
0.1,11,80,11,D2
0.2,12,80,12,D2
0.3,13,80,13,D2
0.4,14,80,14,D2
0.5,15,80,10,D2
0.6,10,80,11,D2
0.7,11,80,12,D2
0.8,12,80,13,D2
0.9,13,80,14,D2
0,14,80,10,D2
0.1,15,80,11,D2
0.2,10,80,12,D2
0.3,11,80,13,D2
0.4,12,80,14,D2
0.5,13,80,10,D2
0.6,14,80,11,D2
0.7,15,80,12,D2
0.8,10,80,13,D2
0.9,11,80,14,D2
0,12,80,10,D2
0.1,13,80,11,D2
0.2,14,80,12,D2
0.3,15,80,13,D2
0.4,10,80,14,D2
0.5,11,80,10,D2
0.6,12,80,11,D2
0.7,13,80,12,D2
0.8,14,80,13,D2
0.9,15,80,14,D2
0,10,81,10,D2
0.1,11,81,11,D2
0.2,12,81,12,D2
0.3,13,81,13,D2
0.4,14,81,14,D2
0.5,15,81,10,D2
0.6,10,81,11,D2
0.7,11,81,12,D2
0.8,12,81,13,D2
0.9,13,81,14,D2
0,14,81,10,D2
0.1,15,81,11,D2
0.2,10,81,12,D2
0.3,11,81,13,D2
0.4,12,81,14,D2
0.5,13,81,10,D2
0.6,14,81,11,D2
0.7,15,81,12,D2
0.8,10,81,13,D2
0.9,11,81,14,D2
0,12,81,10,D2
0.1,13,81,11,D2
0.2,14,81,12,D2
0.3,15,81,13,D2
0.4,10,81,14,D2
0.5,11,81,10,D2
0.6,12,81,11,D2
0.7,13,81,12,D2
0.8,14,81,13,D2
0.9,15,81,14,D2
0,10,82,10,D2
0.1,11,82,11,D2
0.2,12,82,12,D2
0.3,13,82,13,D2
0.4,14,82,14,D2
0.5,15,82,10,D2
0.6,10,82,11,D2
0.7,11,82,12,D2
0.8,12,82,13,D2
0.9,13,82,14,D2
0,14,82,10,D2
0.1,15,82,11,D2
0.2,10,82,12,D2
0.3,11,82,13,D2
0.4,12,82,14,D2
0.5,13,82,10,D2
0.6,14,82,11,D2
0.7,15,82,12,D2
0.8,10,82,13,D2
0.9,11,82,14,D2
0,12,82,10,D2
0.1,13,82,11,D2
0.2,14,82,12,D2
0.3,15,82,13,D2
0.4,10,82,14,D2
0.5,11,82,10,D2
0.6,12,82,11,D2
0.7,13,82,12,D2
0.8,14,82,13,D2
0.9,15,82,14,D2
0,10,83,10,D2
0.1,11,83,11,D2
0.2,12,83,12,D2
0.3,13,83,13,D2
0.4,14,83,14,D2
0.5,15,83,10,D2
0.6,10,83,11,D2
0.7,11,83,12,D2
0.8,12,83,13,D2
0.9,13,83,14,D2
0,14,83,10,D2
0.1,15,83,11,D2
0.2,10,83,12,D2
0.3,11,83,13,D2
0.4,12,83,14,D2
0.5,13,83,10,D2
0.6,14,83,11,D2
0.7,15,83,12,D2
0.8,10,83,13,D2
0.9,11,83,14,D2
0,12,83,10,D2
0.1,13,83,11,D2
0.2,14,83,12,D2
0.3,15,83,13,D2
0.4,10,83,14,D2
0.5,11,83,10,D2
0.6,12,83,11,D2
0.7,13,83,12,D2
0.8,14,83,13,D2
0.9,15,83,14,D2
0,10,84,10,D2
0.1,11,84,11,D2
0.2,12,84,12,D2
0.3,13,84,13,D2
0.4,14,84,14,D2
0.5,15,84,10,D2
0.6,10,84,11,D2
0.7,11,84,12,D2
0.8,12,84,13,D2
0.9,13,84,14,D2
0,14,84,10,D2
0.1,15,84,11,D2
0.2,10,84,12,D2
0.3,11,84,13,D2
0.4,12,84,14,D2
0.5,13,84,10,D2
0.6,14,84,11,D2
0.7,15,84,12,D2
0.8,10,84,13,D2
0.9,11,84,14,D2
0,12,84,10,D2
0.1,13,84,11,D2
0.2,14,84,12,D2
0.3,15,84,13,D2
0.4,10,84,14,D2
0.5,11,84,10,D2
0.6,12,84,11,D2
0.7,13,84,12,D2
0.8,14,84,13,D2
0.9,15,84,14,D2
0,10,85,10,D2
0.1,11,85,11,D2
0.2,12,85,12,D2
0.3,13,85,13,D2
0.4,14,85,14,D2
0.5,15,85,10,D2
0.6,10,85,11,D2
0.7,11,85,12,D2
0.8,12,85,13,D2
0.9,13,85,14,D2
0,14,85,10,D2
0.1,15,85,11,D2
0.2,10,85,12,D2
0.3,11,85,13,D2
0.4,12,85,14,D2
0.5,13,85,10,D2
0.6,14,85,11,D2
0.7,15,85,12,D2
0.8,10,85,13,D2
0.9,11,85,14,D2
0,12,85,10,D2
0.1,13,85,11,D2
0.2,14,85,12,D2
0.3,15,85,13,D2
0.4,10,85,14,D2
0.5,11,85,10,D2
0.6,12,85,11,D2
0.7,13,85,12,D2
0.8,14,85,13,D2
0.9,15,85,14,D2
0,10,86,10,D2
0.1,11,86,11,D2
0.2,12,86,12,D2
0.3,13,86,13,D2
0.4,14,86,14,D2
0.5,15,86,10,D2
0.6,10,86,11,D2
0.7,11,86,12,D2
0.8,12,86,13,D2
0.9,13,86,14,D2
0,14,86,10,D2
0.1,15,86,11,D2
0.2,10,86,12,D2
0.3,11,86,13,D2
0.4,12,86,14,D2
0.5,13,86,10,D2
0.6,14,86,11,D2
0.7,15,86,12,D2
0.8,10,86,13,D2
0.9,11,86,14,D2
0,12,86,10,D2
0.1,13,86,11,D2
0.2,14,86,12,D2
0.3,15,86,13,D2
0.4,10,86,14,D2
0.5,11,86,10,D2
0.6,12,86,11,D2
0.7,13,86,12,D2
0.8,14,86,13,D2
0.9,15,86,14,D2
0,10,87,10,D2
0.1,11,87,11,D2
0.2,12,87,12,D2
0.3,13,87,13,D2
0.4,14,87,14,D2
0.5,15,87,10,D2
0.6,10,87,11,D2
0.7,11,87,12,D2
0.8,12,87,13,D2
0.9,13,87,14,D2
0,14,87,10,D2
0.1,15,87,11,D2
0.2,10,87,12,D2
0.3,11,87,13,D2
0.4,12,87,14,D2
0.5,13,87,10,D2
0.6,14,87,11,D2
0.7,15,87,12,D2
0.8,10,87,13,D2
0.9,11,87,14,D2
0,12,87,10,D2
0.1,13,87,11,D2
0.2,14,87,12,D2
0.3,15,87,13,D2
0.4,10,87,14,D2
0.5,11,87,10,D2
0.6,12,87,11,D2
0.7,13,87,12,D2
0.8,14,87,13,D2
0.9,15,87,14,D2
0,10,88,10,D2
0.1,11,88,11,D2
0.2,12,88,12,D2
0.3,13,88,13,D2
0.4,14,88,14,D2
0.5,15,88,10,D2
0.6,10,88,11,D2
0.7,11,88,12,D2
0.8,12,88,13,D2
0.9,13,88,14,D2
0,14,88,10,D2
0.1,15,88,11,D2
0.2,10,88,12,D2
0.3,11,88,13,D2
0.4,12,88,14,D2
0.5,13,88,10,D2
0.6,14,88,11,D2
0.7,15,88,12,D2
0.8,10,88,13,D2
0.9,11,88,14,D2
0,12,88,10,D2
0.1,13,88,11,D2
0.2,14,88,12,D2
0.3,15,88,13,D2
0.4,10,88,14,D2
0.5,11,88,10,D2
0.6,12,88,11,D2
0.7,13,88,12,D2
0.8,14,88,13,D2
0.9,15,88,14,D2
0,10,89,10,D2
0.1,11,89,11,D2
0.2,12,89,12,D2
0.3,13,89,13,D2
0.4,14,89,14,D2
0.5,15,89,10,D2
0.6,10,89,11,D2
0.7,11,89,12,D2
0.8,12,89,13,D2
0.9,13,89,14,D2
0,14,89,10,D2
0.1,15,89,11,D2
0.2,10,89,12,D2
0.3,11,89,13,D2
0.4,12,89,14,D2
0.5,13,89,10,D2
0.6,14,89,11,D2
0.7,15,89,12,D2
0.8,10,89,13,D2
0.9,11,89,14,D2
0,12,89,10,D2
0.1,13,89,11,D2
0.2,14,89,12,D2
0.3,15,89,13,D2
0.4,10,89,14,D2
0.5,11,89,10,D2
0.6,12,89,11,D2
0.7,13,89,12,D2
0.8,14,89,13,D2
0.9,15,89,14,D2
0,10,90,10,D2
0.1,11,90,11,D2
0.2,12,90,12,D2
0.3,13,90,13,D2
0.4,14,90,14,D2
0.5,15,90,10,D2
0.6,10,90,11,D2
0.7,11,90,12,D2
0.8,12,90,13,D2
0.9,13,90,14,D2
0,14,90,10,D2
0.1,15,90,11,D2
0.2,10,90,12,D2
0.3,11,90,13,D2
0.4,12,90,14,D2
0.5,13,90,10,D2
0.6,14,90,11,D2
0.7,15,90,12,D2
0.8,10,90,13,D2
0.9,11,90,14,D2
0,12,90,10,D2
0.1,13,90,11,D2
0.2,14,90,12,D2
0.3,15,90,13,D2
0.4,10,90,14,D2
0.5,11,90,10,D2
0.6,12,90,11,D2
0.7,13,90,12,D2
0.8,14,90,13,D2
0.9,15,90,14,D2
0,10,91,10,D2
0.1,11,91,11,D2
0.2,12,91,12,D2
0.3,13,91,13,D2
0.4,14,91,14,D2
0.5,15,91,10,D2
0.6,10,91,11,D2
0.7,11,91,12,D2
0.8,12,91,13,D2
0.9,13,91,14,D2
0,14,91,10,D2
0.1,15,91,11,D2
0.2,10,91,12,D2
0.3,11,91,13,D2
0.4,12,91,14,D2
0.5,13,91,10,D2
0.6,14,91,11,D2
0.7,15,91,12,D2
0.8,10,91,13,D2
0.9,11,91,14,D2
0,12,91,10,D2
0.1,13,91,11,D2
0.2,14,91,12,D2
0.3,15,91,13,D2
0.4,10,91,14,D2
0.5,11,91,10,D2
0.6,12,91,11,D2
0.7,13,91,12,D2
0.8,14,91,13,D2
0.9,15,91,14,D2
0,10,92,10,D2
0.1,11,92,11,D2
0.2,12,92,12,D2
0.3,13,92,13,D2
0.4,14,92,14,D2
0.5,15,92,10,D2
0.6,10,92,11,D2
0.7,11,92,12,D2
0.8,12,92,13,D2
0.9,13,92,14,D2
0,14,92,10,D2
0.1,15,92,11,D2
0.2,10,92,12,D2
0.3,11,92,13,D2
0.4,12,92,14,D2
0.5,13,92,10,D2
0.6,14,92,11,D2
0.7,15,92,12,D2
0.8,10,92,13,D2
0.9,11,92,14,D2
0,12,92,10,D2
0.1,13,92,11,D2
0.2,14,92,12,D2
0.3,15,92,13,D2
0.4,10,92,14,D2
0.5,11,92,10,D2
0.6,12,92,11,D2
0.7,13,92,12,D2
0.8,14,92,13,D2
0.9,15,92,14,D2
0,10,93,10,D2
0.1,11,93,11,D2
0.2,12,93,12,D2
0.3,13,93,13,D2
0.4,14,93,14,D2
0.5,15,93,10,D2
0.6,10,93,11,D2
0.7,11,93,12,D2
0.8,12,93,13,D2
0.9,13,93,14,D2
0,14,93,10,D2
0.1,15,93,11,D2
0.2,10,93,12,D2
0.3,11,93,13,D2
0.4,12,93,14,D2
0.5,13,93,10,D2
0.6,14,93,11,D2
0.7,15,93,12,D2
0.8,10,93,13,D2
0.9,11,93,14,D2
0,12,93,10,D2
0.1,13,93,11,D2
0.2,14,93,12,D2
0.3,15,93,13,D2
0.4,10,93,14,D2
0.5,11,93,10,D2
0.6,12,93,11,D2
0.7,13,93,12,D2
0.8,14,93,13,D2
0.9,15,93,14,D2
0,10,94,10,D2
0.1,11,94,11,D2
0.2,12,94,12,D2
0.3,13,94,13,D2
0.4,14,94,14,D2
0.5,15,94,10,D2
0.6,10,94,11,D2
0.7,11,94,12,D2
0.8,12,94,13,D2
0.9,13,94,14,D2
0,14,94,10,D2
0.1,15,94,11,D2
0.2,10,94,12,D2
0.3,11,94,13,D2
0.4,12,94,14,D2
0.5,13,94,10,D2
0.6,14,94,11,D2
0.7,15,94,12,D2
0.8,10,94,13,D2
0.9,11,94,14,D2
0,12,94,10,D2
0.1,13,94,11,D2
0.2,14,94,12,D2
0.3,15,94,13,D2
0.4,10,94,14,D2
0.5,11,94,10,D2
0.6,12,94,11,D2
0.7,13,94,12,D2
0.8,14,94,13,D2
0.9,15,94,14,D2
0,10,95,10,D2
0.1,11,95,11,D2
0.2,12,95,12,D2
0.3,13,95,13,D2
0.4,14,95,14,D2
0.5,15,95,10,D2
0.6,10,95,11,D2
0.7,11,95,12,D2
0.8,12,95,13,D2
0.9,13,95,14,D2
0,14,95,10,D2
0.1,15,95,11,D2
0.2,10,95,12,D2
0.3,11,95,13,D2
0.4,12,95,14,D2
0.5,13,95,10,D2
0.6,14,95,11,D2
0.7,15,95,12,D2
0.8,10,95,13,D2
0.9,11,95,14,D2
0,12,95,10,D2
0.1,13,95,11,D2
0.2,14,95,12,D2
0.3,15,95,13,D2
0.4,10,95,14,D2
0.5,11,95,10,D2
0.6,12,95,11,D2
0.7,13,95,12,D2
0.8,14,95,13,D2
0.9,15,95,14,D2
0,10,96,10,D2
0.1,11,96,11,D2
0.2,12,96,12,D2
0.3,13,96,13,D2
0.4,14,96,14,D2
0.5,15,96,10,D2
0.6,10,96,11,D2
0.7,11,96,12,D2
0.8,12,96,13,D2
0.9,13,96,14,D2
0,14,96,10,D2
0.1,15,96,11,D2
0.2,10,96,12,D2
0.3,11,96,13,D2
0.4,12,96,14,D2
0.5,13,96,10,D2
0.6,14,96,11,D2
0.7,15,96,12,D2
0.8,10,96,13,D2
0.9,11,96,14,D2
0,12,96,10,D2
0.1,13,96,11,D2
0.2,14,96,12,D2
0.3,15,96,13,D2
0.4,10,96,14,D2
0.5,11,96,10,D2
0.6,12,96,11,D2
0.7,13,96,12,D2
0.8,14,96,13,D2
0.9,15,96,14,D2
0,10,97,10,D2
0.1,11,97,11,D2
0.2,12,97,12,D2
0.3,13,97,13,D2
0.4,14,97,14,D2
0.5,15,97,10,D2
0.6,10,97,11,D2
0.7,11,97,12,D2
0.8,12,97,13,D2
0.9,13,97,14,D2
0,14,97,10,D2
0.1,15,97,11,D2
0.2,10,97,12,D2
0.3,11,97,13,D2
0.4,12,97,14,D2
0.5,13,97,10,D2
0.6,14,97,11,D2
0.7,15,97,12,D2
0.8,10,97,13,D2
0.9,11,97,14,D2
0,12,97,10,D2
0.1,13,97,11,D2
0.2,14,97,12,D2
0.3,15,97,13,D2
0.4,10,97,14,D2
0.5,11,97,10,D2
0.6,12,97,11,D2
0.7,13,97,12,D2
0.8,14,97,13,D2
0.9,15,97,14,D2
0,10,98,10,D2
0.1,11,98,11,D2
0.2,12,98,12,D2
0.3,13,98,13,D2
0.4,14,98,14,D2
0.5,15,98,10,D2
0.6,10,98,11,D2
0.7,11,98,12,D2
0.8,12,98,13,D2
0.9,13,98,14,D2
0,14,98,10,D2
0.1,15,98,11,D2
0.2,10,98,12,D2
0.3,11,98,13,D2
0.4,12,98,14,D2
0.5,13,98,10,D2
0.6,14,98,11,D2
0.7,15,98,12,D2
0.8,10,98,13,D2
0.9,11,98,14,D2
0,12,98,10,D2
0.1,13,98,11,D2
0.2,14,98,12,D2
0.3,15,98,13,D2
0.4,10,98,14,D2
0.5,11,98,10,D2
0.6,12,98,11,D2
0.7,13,98,12,D2
0.8,14,98,13,D2
0.9,15,98,14,D2
0,10,99,10,D2
0.1,11,99,11,D2
0.2,12,99,12,D2
0.3,13,99,13,D2
0.4,14,99,14,D2
0.5,15,99,10,D2
0.6,10,99,11,D2
0.7,11,99,12,D2
0.8,12,99,13,D2
0.9,13,99,14,D2
0,14,99,10,D2
0.1,15,99,11,D2
0.2,10,99,12,D2
0.3,11,99,13,D2
0.4,12,99,14,D2
0.5,13,99,10,D2
0.6,14,99,11,D2
0.7,15,99,12,D2
0.8,10,99,13,D2
0.9,11,99,14,D2
0,12,99,10,D2
0.1,13,99,11,D2
0.2,14,99,12,D2
0.3,15,99,13,D2
0.4,10,99,14,D2
0.5,11,99,10,D2
0.6,12,99,11,D2
0.7,13,99,12,D2
0.8,14,99,13,D2
0.9,15,99,14,D2
0,10,100,10,D2
0.1,11,100,11,D2
0.2,12,100,12,D2
0.3,13,100,13,D2
0.4,14,100,14,D2
0.5,15,100,10,D2
0.6,10,100,11,D2
0.7,11,100,12,D2
0.8,12,100,13,D2
0.9,13,100,14,D2
0,14,100,10,D2
0.1,15,100,11,D2
0.2,10,100,12,D2
0.3,11,100,13,D2
0.4,12,100,14,D2
0.5,13,100,10,D2
0.6,14,100,11,D2
0.7,15,100,12,D2
0.8,10,100,13,D2
0.9,11,100,14,D2
0,12,100,10,D2
0.1,13,100,11,D2
0.2,14,100,12,D2
0.3,15,100,13,D2
0.4,10,100,14,D2
0.5,11,100,10,D2
0.6,12,100,11,D2
0.7,13,100,12,D2
0.8,14,100,13,D2
0.9,15,100,14,D2
0.5,21,75,10,D3
0.6,22,75,11,D3
0.7,23,75,12,D3
0.8,24,75,13,D3
0.9,25,75,14,D3
1,26,75,10,D3
0.5,21,75,11,D3
0.6,22,75,12,D3
0.7,23,75,13,D3
0.8,24,75,14,D3
0.9,25,75,10,D3
1,26,75,11,D3
0.5,21,75,12,D3
0.6,22,75,13,D3
0.7,23,75,14,D3
0.8,24,75,10,D3
0.9,25,75,11,D3
1,26,75,12,D3
0.5,21,75,13,D3
0.6,22,75,14,D3
0.7,23,75,10,D3
0.8,24,75,11,D3
0.9,25,75,12,D3
1,26,75,13,D3
0.5,21,75,14,D3
0.6,22,75,10,D3
0.7,23,75,11,D3
0.8,24,75,12,D3
0.9,25,75,13,D3
1,26,75,14,D3
0.5,21,76,10,D3
0.6,22,76,11,D3
0.7,23,76,12,D3
0.8,24,76,13,D3
0.9,25,76,14,D3
1,26,76,10,D3
0.5,21,76,11,D3
0.6,22,76,12,D3
0.7,23,76,13,D3
0.8,24,76,14,D3
0.9,25,76,10,D3
1,26,76,11,D3
0.5,21,76,12,D3
0.6,22,76,13,D3
0.7,23,76,14,D3
0.8,24,76,10,D3
0.9,25,76,11,D3
1,26,76,12,D3
0.5,21,76,13,D3
0.6,22,76,14,D3
0.7,23,76,10,D3
0.8,24,76,11,D3
0.9,25,76,12,D3
1,26,76,13,D3
0.5,21,76,14,D3
0.6,22,76,10,D3
0.7,23,76,11,D3
0.8,24,76,12,D3
0.9,25,76,13,D3
1,26,76,14,D3
0.5,21,77,10,D3
0.6,22,77,11,D3
0.7,23,77,12,D3
0.8,24,77,13,D3
0.9,25,77,14,D3
1,26,77,10,D3
0.5,21,77,11,D3
0.6,22,77,12,D3
0.7,23,77,13,D3
0.8,24,77,14,D3
0.9,25,77,10,D3
1,26,77,11,D3
0.5,21,77,12,D3
0.6,22,77,13,D3
0.7,23,77,14,D3
0.8,24,77,10,D3
0.9,25,77,11,D3
1,26,77,12,D3
0.5,21,77,13,D3
0.6,22,77,14,D3
0.7,23,77,10,D3
0.8,24,77,11,D3
0.9,25,77,12,D3
1,26,77,13,D3
0.5,21,77,14,D3
0.6,22,77,10,D3
0.7,23,77,11,D3
0.8,24,77,12,D3
0.9,25,77,13,D3
1,26,77,14,D3
0.5,21,78,10,D3
0.6,22,78,11,D3
0.7,23,78,12,D3
0.8,24,78,13,D3
0.9,25,78,14,D3
1,26,78,10,D3
0.5,21,78,11,D3
0.6,22,78,12,D3
0.7,23,78,13,D3
0.8,24,78,14,D3
0.9,25,78,10,D3
1,26,78,11,D3
0.5,21,78,12,D3
0.6,22,78,13,D3
0.7,23,78,14,D3
0.8,24,78,10,D3
0.9,25,78,11,D3
1,26,78,12,D3
0.5,21,78,13,D3
0.6,22,78,14,D3
0.7,23,78,10,D3
0.8,24,78,11,D3
0.9,25,78,12,D3
1,26,78,13,D3
0.5,21,78,14,D3
0.6,22,78,10,D3
0.7,23,78,11,D3
0.8,24,78,12,D3
0.9,25,78,13,D3
1,26,78,14,D3
0.5,21,79,10,D3
0.6,22,79,11,D3
0.7,23,79,12,D3
0.8,24,79,13,D3
0.9,25,79,14,D3
1,26,79,10,D3
0.5,21,79,11,D3
0.6,22,79,12,D3
0.7,23,79,13,D3
0.8,24,79,14,D3
0.9,25,79,10,D3
1,26,79,11,D3
0.5,21,79,12,D3
0.6,22,79,13,D3
0.7,23,79,14,D3
0.8,24,79,10,D3
0.9,25,79,11,D3
1,26,79,12,D3
0.5,21,79,13,D3
0.6,22,79,14,D3
0.7,23,79,10,D3
0.8,24,79,11,D3
0.9,25,79,12,D3
1,26,79,13,D3
0.5,21,79,14,D3
0.6,22,79,10,D3
0.7,23,79,11,D3
0.8,24,79,12,D3
0.9,25,79,13,D3
1,26,79,14,D3
0.5,21,80,10,D3
0.6,22,80,11,D3
0.7,23,80,12,D3
0.8,24,80,13,D3
0.9,25,80,14,D3
1,26,80,10,D3
0.5,21,80,11,D3
0.6,22,80,12,D3
0.7,23,80,13,D3
0.8,24,80,14,D3
0.9,25,80,10,D3
1,26,80,11,D3
0.5,21,80,12,D3
0.6,22,80,13,D3
0.7,23,80,14,D3
0.8,24,80,10,D3
0.9,25,80,11,D3
1,26,80,12,D3
0.5,21,80,13,D3
0.6,22,80,14,D3
0.7,23,80,10,D3
0.8,24,80,11,D3
0.9,25,80,12,D3
1,26,80,13,D3
0.5,21,80,14,D3
0.6,22,80,10,D3
0.7,23,80,11,D3
0.8,24,80,12,D3
0.9,25,80,13,D3
1,26,80,14,D3
0.5,21,81,10,D3
0.6,22,81,11,D3
0.7,23,81,12,D3
0.8,24,81,13,D3
0.9,25,81,14,D3
1,26,81,10,D3
0.5,21,81,11,D3
0.6,22,81,12,D3
0.7,23,81,13,D3
0.8,24,81,14,D3
0.9,25,81,10,D3
1,26,81,11,D3
0.5,21,81,12,D3
0.6,22,81,13,D3
0.7,23,81,14,D3
0.8,24,81,10,D3
0.9,25,81,11,D3
1,26,81,12,D3
0.5,21,81,13,D3
0.6,22,81,14,D3
0.7,23,81,10,D3
0.8,24,81,11,D3
0.9,25,81,12,D3
1,26,81,13,D3
0.5,21,81,14,D3
0.6,22,81,10,D3
0.7,23,81,11,D3
0.8,24,81,12,D3
0.9,25,81,13,D3
1,26,81,14,D3
0.5,21,82,10,D3
0.6,22,82,11,D3
0.7,23,82,12,D3
0.8,24,82,13,D3
0.9,25,82,14,D3
1,26,82,10,D3
0.5,21,82,11,D3
0.6,22,82,12,D3
0.7,23,82,13,D3
0.8,24,82,14,D3
0.9,25,82,10,D3
1,26,82,11,D3
0.5,21,82,12,D3
0.6,22,82,13,D3
0.7,23,82,14,D3
0.8,24,82,10,D3
0.9,25,82,11,D3
1,26,82,12,D3
0.5,21,82,13,D3
0.6,22,82,14,D3
0.7,23,82,10,D3
0.8,24,82,11,D3
0.9,25,82,12,D3
1,26,82,13,D3
0.5,21,82,14,D3
0.6,22,82,10,D3
0.7,23,82,11,D3
0.8,24,82,12,D3
0.9,25,82,13,D3
1,26,82,14,D3
0.5,21,83,10,D3
0.6,22,83,11,D3
0.7,23,83,12,D3
0.8,24,83,13,D3
0.9,25,83,14,D3
1,26,83,10,D3
0.5,21,83,11,D3
0.6,22,83,12,D3
0.7,23,83,13,D3
0.8,24,83,14,D3
0.9,25,83,10,D3
1,26,83,11,D3
0.5,21,83,12,D3
0.6,22,83,13,D3
0.7,23,83,14,D3
0.8,24,83,10,D3
0.9,25,83,11,D3
1,26,83,12,D3
0.5,21,83,13,D3
0.6,22,83,14,D3
0.7,23,83,10,D3
0.8,24,83,11,D3
0.9,25,83,12,D3
1,26,83,13,D3
0.5,21,83,14,D3
0.6,22,83,10,D3
0.7,23,83,11,D3
0.8,24,83,12,D3
0.9,25,83,13,D3
1,26,83,14,D3
0.5,21,84,10,D3
0.6,22,84,11,D3
0.7,23,84,12,D3
0.8,24,84,13,D3
0.9,25,84,14,D3
1,26,84,10,D3
0.5,21,84,11,D3
0.6,22,84,12,D3
0.7,23,84,13,D3
0.8,24,84,14,D3
0.9,25,84,10,D3
1,26,84,11,D3
0.5,21,84,12,D3
0.6,22,84,13,D3
0.7,23,84,14,D3
0.8,24,84,10,D3
0.9,25,84,11,D3
1,26,84,12,D3
0.5,21,84,13,D3
0.6,22,84,14,D3
0.7,23,84,10,D3
0.8,24,84,11,D3
0.9,25,84,12,D3
1,26,84,13,D3
0.5,21,84,14,D3
0.6,22,84,10,D3
0.7,23,84,11,D3
0.8,24,84,12,D3
0.9,25,84,13,D3
1,26,84,14,D3
0.5,21,85,10,D3
0.6,22,85,11,D3
0.7,23,85,12,D3
0.8,24,85,13,D3
0.9,25,85,14,D3
1,26,85,10,D3
0.5,21,85,11,D3
0.6,22,85,12,D3
0.7,23,85,13,D3
0.8,24,85,14,D3
0.9,25,85,10,D3
1,26,85,11,D3
0.5,21,85,12,D3
0.6,22,85,13,D3
0.7,23,85,14,D3
0.8,24,85,10,D3
0.9,25,85,11,D3
1,26,85,12,D3
0.5,21,85,13,D3
0.6,22,85,14,D3
0.7,23,85,10,D3
0.8,24,85,11,D3
0.9,25,85,12,D3
1,26,85,13,D3
0.5,21,85,14,D3
0.6,22,85,10,D3
0.7,23,85,11,D3
0.8,24,85,12,D3
0.9,25,85,13,D3
1,26,85,14,D3
0.5,21,86,10,D3
0.6,22,86,11,D3
0.7,23,86,12,D3
0.8,24,86,13,D3
0.9,25,86,14,D3
1,26,86,10,D3
0.5,21,86,11,D3
0.6,22,86,12,D3
0.7,23,86,13,D3
0.8,24,86,14,D3
0.9,25,86,10,D3
1,26,86,11,D3
0.5,21,86,12,D3
0.6,22,86,13,D3
0.7,23,86,14,D3
0.8,24,86,10,D3
0.9,25,86,11,D3
1,26,86,12,D3
0.5,21,86,13,D3
0.6,22,86,14,D3
0.7,23,86,10,D3
0.8,24,86,11,D3
0.9,25,86,12,D3
1,26,86,13,D3
0.5,21,86,14,D3
0.6,22,86,10,D3
0.7,23,86,11,D3
0.8,24,86,12,D3
0.9,25,86,13,D3
1,26,86,14,D3
0.5,21,87,10,D3
0.6,22,87,11,D3
0.7,23,87,12,D3
0.8,24,87,13,D3
0.9,25,87,14,D3
1,26,87,10,D3
0.5,21,87,11,D3
0.6,22,87,12,D3
0.7,23,87,13,D3
0.8,24,87,14,D3
0.9,25,87,10,D3
1,26,87,11,D3
0.5,21,87,12,D3
0.6,22,87,13,D3
0.7,23,87,14,D3
0.8,24,87,10,D3
0.9,25,87,11,D3
1,26,87,12,D3
0.5,21,87,13,D3
0.6,22,87,14,D3
0.7,23,87,10,D3
0.8,24,87,11,D3
0.9,25,87,12,D3
1,26,87,13,D3
0.5,21,87,14,D3
0.6,22,87,10,D3
0.7,23,87,11,D3
0.8,24,87,12,D3
0.9,25,87,13,D3
1,26,87,14,D3
0.5,21,88,10,D3
0.6,22,88,11,D3
0.7,23,88,12,D3
0.8,24,88,13,D3
0.9,25,88,14,D3
1,26,88,10,D3
0.5,21,88,11,D3
0.6,22,88,12,D3
0.7,23,88,13,D3
0.8,24,88,14,D3
0.9,25,88,10,D3
1,26,88,11,D3
0.5,21,88,12,D3
0.6,22,88,13,D3
0.7,23,88,14,D3
0.8,24,88,10,D3
0.9,25,88,11,D3
1,26,88,12,D3
0.5,21,88,13,D3
0.6,22,88,14,D3
0.7,23,88,10,D3
0.8,24,88,11,D3
0.9,25,88,12,D3
1,26,88,13,D3
0.5,21,88,14,D3
0.6,22,88,10,D3
0.7,23,88,11,D3
0.8,24,88,12,D3
0.9,25,88,13,D3
1,26,88,14,D3
0.5,21,89,10,D3
0.6,22,89,11,D3
0.7,23,89,12,D3
0.8,24,89,13,D3
0.9,25,89,14,D3
1,26,89,10,D3
0.5,21,89,11,D3
0.6,22,89,12,D3
0.7,23,89,13,D3
0.8,24,89,14,D3
0.9,25,89,10,D3
1,26,89,11,D3
0.5,21,89,12,D3
0.6,22,89,13,D3
0.7,23,89,14,D3
0.8,24,89,10,D3
0.9,25,89,11,D3
1,26,89,12,D3
0.5,21,89,13,D3
0.6,22,89,14,D3
0.7,23,89,10,D3
0.8,24,89,11,D3
0.9,25,89,12,D3
1,26,89,13,D3
0.5,21,89,14,D3
0.6,22,89,10,D3
0.7,23,89,11,D3
0.8,24,89,12,D3
0.9,25,89,13,D3
1,26,89,14,D3
0.5,21,90,10,D3
0.6,22,90,11,D3
0.7,23,90,12,D3
0.8,24,90,13,D3
0.9,25,90,14,D3
1,26,90,10,D3
0.5,21,90,11,D3
0.6,22,90,12,D3
0.7,23,90,13,D3
0.8,24,90,14,D3
0.9,25,90,10,D3
1,26,90,11,D3
0.5,21,90,12,D3
0.6,22,90,13,D3
0.7,23,90,14,D3
0.8,24,90,10,D3
0.9,25,90,11,D3
1,26,90,12,D3
0.5,21,90,13,D3
0.6,22,90,14,D3
0.7,23,90,10,D3
0.8,24,90,11,D3
0.9,25,90,12,D3
1,26,90,13,D3
0.5,21,90,14,D3
0.6,22,90,10,D3
0.7,23,90,11,D3
0.8,24,90,12,D3
0.9,25,90,13,D3
1,26,90,14,D3
0.5,21,91,10,D3
0.6,22,91,11,D3
0.7,23,91,12,D3
0.8,24,91,13,D3
0.9,25,91,14,D3
1,26,91,10,D3
0.5,21,91,11,D3
0.6,22,91,12,D3
0.7,23,91,13,D3
0.8,24,91,14,D3
0.9,25,91,10,D3
1,26,91,11,D3
0.5,21,91,12,D3
0.6,22,91,13,D3
0.7,23,91,14,D3
0.8,24,91,10,D3
0.9,25,91,11,D3
1,26,91,12,D3
0.5,21,91,13,D3
0.6,22,91,14,D3
0.7,23,91,10,D3
0.8,24,91,11,D3
0.9,25,91,12,D3
1,26,91,13,D3
0.5,21,91,14,D3
0.6,22,91,10,D3
0.7,23,91,11,D3
0.8,24,91,12,D3
0.9,25,91,13,D3
1,26,91,14,D3
0.5,21,92,10,D3
0.6,22,92,11,D3
0.7,23,92,12,D3
0.8,24,92,13,D3
0.9,25,92,14,D3
1,26,92,10,D3
0.5,21,92,11,D3
0.6,22,92,12,D3
0.7,23,92,13,D3
0.8,24,92,14,D3
0.9,25,92,10,D3
1,26,92,11,D3
0.5,21,92,12,D3
0.6,22,92,13,D3
0.7,23,92,14,D3
0.8,24,92,10,D3
0.9,25,92,11,D3
1,26,92,12,D3
0.5,21,92,13,D3
0.6,22,92,14,D3
0.7,23,92,10,D3
0.8,24,92,11,D3
0.9,25,92,12,D3
1,26,92,13,D3
0.5,21,92,14,D3
0.6,22,92,10,D3
0.7,23,92,11,D3
0.8,24,92,12,D3
0.9,25,92,13,D3
1,26,92,14,D3
0.5,21,93,10,D3
0.6,22,93,11,D3
0.7,23,93,12,D3
0.8,24,93,13,D3
0.9,25,93,14,D3
1,26,93,10,D3
0.5,21,93,11,D3
0.6,22,93,12,D3
0.7,23,93,13,D3
0.8,24,93,14,D3
0.9,25,93,10,D3
1,26,93,11,D3
0.5,21,93,12,D3
0.6,22,93,13,D3
0.7,23,93,14,D3
0.8,24,93,10,D3
0.9,25,93,11,D3
1,26,93,12,D3
0.5,21,93,13,D3
0.6,22,93,14,D3
0.7,23,93,10,D3
0.8,24,93,11,D3
0.9,25,93,12,D3
1,26,93,13,D3
0.5,21,93,14,D3
0.6,22,93,10,D3
0.7,23,93,11,D3
0.8,24,93,12,D3
0.9,25,93,13,D3
1,26,93,14,D3
0.5,21,94,10,D3
0.6,22,94,11,D3
0.7,23,94,12,D3
0.8,24,94,13,D3
0.9,25,94,14,D3
1,26,94,10,D3
0.5,21,94,11,D3
0.6,22,94,12,D3
0.7,23,94,13,D3
0.8,24,94,14,D3
0.9,25,94,10,D3
1,26,94,11,D3
0.5,21,94,12,D3
0.6,22,94,13,D3
0.7,23,94,14,D3
0.8,24,94,10,D3
0.9,25,94,11,D3
1,26,94,12,D3
0.5,21,94,13,D3
0.6,22,94,14,D3
0.7,23,94,10,D3
0.8,24,94,11,D3
0.9,25,94,12,D3
1,26,94,13,D3
0.5,21,94,14,D3
0.6,22,94,10,D3
0.7,23,94,11,D3
0.8,24,94,12,D3
0.9,25,94,13,D3
1,26,94,14,D3
0.5,21,95,10,D3
0.6,22,95,11,D3
0.7,23,95,12,D3
0.8,24,95,13,D3
0.9,25,95,14,D3
1,26,95,10,D3
0.5,21,95,11,D3
0.6,22,95,12,D3
0.7,23,95,13,D3
0.8,24,95,14,D3
0.9,25,95,10,D3
1,26,95,11,D3
0.5,21,95,12,D3
0.6,22,95,13,D3
0.7,23,95,14,D3
0.8,24,95,10,D3
0.9,25,95,11,D3
1,26,95,12,D3
0.5,21,95,13,D3
0.6,22,95,14,D3
0.7,23,95,10,D3
0.8,24,95,11,D3
0.9,25,95,12,D3
1,26,95,13,D3
0.5,21,95,14,D3
0.6,22,95,10,D3
0.7,23,95,11,D3
0.8,24,95,12,D3
0.9,25,95,13,D3
1,26,95,14,D3
0.5,21,96,10,D3
0.6,22,96,11,D3
0.7,23,96,12,D3
0.8,24,96,13,D3
0.9,25,96,14,D3
1,26,96,10,D3
0.5,21,96,11,D3
0.6,22,96,12,D3
0.7,23,96,13,D3
0.8,24,96,14,D3
0.9,25,96,10,D3
1,26,96,11,D3
0.5,21,96,12,D3
0.6,22,96,13,D3
0.7,23,96,14,D3
0.8,24,96,10,D3
0.9,25,96,11,D3
1,26,96,12,D3
0.5,21,96,13,D3
0.6,22,96,14,D3
0.7,23,96,10,D3
0.8,24,96,11,D3
0.9,25,96,12,D3
1,26,96,13,D3
0.5,21,96,14,D3
0.6,22,96,10,D3
0.7,23,96,11,D3
0.8,24,96,12,D3
0.9,25,96,13,D3
1,26,96,14,D3
0.5,21,97,10,D3
0.6,22,97,11,D3
0.7,23,97,12,D3
0.8,24,97,13,D3
0.9,25,97,14,D3
1,26,97,10,D3
0.5,21,97,11,D3
0.6,22,97,12,D3
0.7,23,97,13,D3
0.8,24,97,14,D3
0.9,25,97,10,D3
1,26,97,11,D3
0.5,21,97,12,D3
0.6,22,97,13,D3
0.7,23,97,14,D3
0.8,24,97,10,D3
0.9,25,97,11,D3
1,26,97,12,D3
0.5,21,97,13,D3
0.6,22,97,14,D3
0.7,23,97,10,D3
0.8,24,97,11,D3
0.9,25,97,12,D3
1,26,97,13,D3
0.5,21,97,14,D3
0.6,22,97,10,D3
0.7,23,97,11,D3
0.8,24,97,12,D3
0.9,25,97,13,D3
1,26,97,14,D3
0.5,21,98,10,D3
0.6,22,98,11,D3
0.7,23,98,12,D3
0.8,24,98,13,D3
0.9,25,98,14,D3
1,26,98,10,D3
0.5,21,98,11,D3
0.6,22,98,12,D3
0.7,23,98,13,D3
0.8,24,98,14,D3
0.9,25,98,10,D3
1,26,98,11,D3
0.5,21,98,12,D3
0.6,22,98,13,D3
0.7,23,98,14,D3
0.8,24,98,10,D3
0.9,25,98,11,D3
1,26,98,12,D3
0.5,21,98,13,D3
0.6,22,98,14,D3
0.7,23,98,10,D3
0.8,24,98,11,D3
0.9,25,98,12,D3
1,26,98,13,D3
0.5,21,98,14,D3
0.6,22,98,10,D3
0.7,23,98,11,D3
0.8,24,98,12,D3
0.9,25,98,13,D3
1,26,98,14,D3
0.5,21,99,10,D3
0.6,22,99,11,D3
0.7,23,99,12,D3
0.8,24,99,13,D3
0.9,25,99,14,D3
1,26,99,10,D3
0.5,21,99,11,D3
0.6,22,99,12,D3
0.7,23,99,13,D3
0.8,24,99,14,D3
0.9,25,99,10,D3
1,26,99,11,D3
0.5,21,99,12,D3
0.6,22,99,13,D3
0.7,23,99,14,D3
0.8,24,99,10,D3
0.9,25,99,11,D3
1,26,99,12,D3
0.5,21,99,13,D3
0.6,22,99,14,D3
0.7,23,99,10,D3
0.8,24,99,11,D3
0.9,25,99,12,D3
1,26,99,13,D3
0.5,21,99,14,D3
0.6,22,99,10,D3
0.7,23,99,11,D3
0.8,24,99,12,D3
0.9,25,99,13,D3
1,26,99,14,D3
0.5,21,100,10,D3
0.6,22,100,11,D3
0.7,23,100,12,D3
0.8,24,100,13,D3
0.9,25,100,14,D3
1,26,100,10,D3
0.5,21,100,11,D3
0.6,22,100,12,D3
0.7,23,100,13,D3
0.8,24,100,14,D3
0.9,25,100,10,D3
1,26,100,11,D3
0.5,21,100,12,D3
0.6,22,100,13,D3
0.7,23,100,14,D3
0.8,24,100,10,D3
0.9,25,100,11,D3
1,26,100,12,D3
0.5,21,100,13,D3
0.6,22,100,14,D3
0.7,23,100,10,D3
0.8,24,100,11,D3
0.9,25,100,12,D3
1,26,100,13,D3
0.5,21,100,14,D3
0.6,22,100,10,D3
0.7,23,100,11,D3
0.8,24,100,12,D3
0.9,25,100,13,D3
1,26,100,14,D3
0.5,30,80,10,D4
0.6,31,80,11,D4
0.7,32,80,12,D4
0.8,33,80,13,D4
0.9,34,80,14,D4
1,35,80,10,D4
1.1,36,80,11,D4
1.2,37,80,12,D4
1.3,38,80,13,D4
1.4,39,80,14,D4
1.5,40,80,10,D4
1.6,41,80,11,D4
1.7,42,80,12,D4
1.8,43,80,13,D4
1.9,44,80,14,D4
2,45,80,10,D4
0.5,46,80,11,D4
0.6,47,80,12,D4
0.7,48,80,13,D4
0.8,49,80,14,D4
0.9,50,80,10,D4
1,30,80,11,D4
1.1,31,80,12,D4
1.2,32,80,13,D4
1.3,33,80,14,D4
1.4,34,80,10,D4
1.5,35,80,11,D4
1.6,36,80,12,D4
1.7,37,80,13,D4
1.8,38,80,14,D4
1.9,39,80,10,D4
2,40,80,11,D4
0.5,41,80,12,D4
0.6,42,80,13,D4
0.7,43,80,14,D4
0.8,44,80,10,D4
0.9,45,80,11,D4
1,46,80,12,D4
1.1,47,80,13,D4
1.2,48,80,14,D4
1.3,49,80,10,D4
1.4,50,80,11,D4
1.5,30,80,12,D4
1.6,31,80,13,D4
1.7,32,80,14,D4
1.8,33,80,10,D4
1.9,34,80,11,D4
2,35,80,12,D4
0.5,36,80,13,D4
0.6,37,80,14,D4
0.7,38,80,10,D4
0.8,39,80,11,D4
0.9,40,80,12,D4
1,41,80,13,D4
1.1,42,80,14,D4
1.2,43,80,10,D4
1.3,44,80,11,D4
1.4,45,80,12,D4
1.5,46,80,13,D4
1.6,47,80,14,D4
1.7,48,80,10,D4
1.8,49,80,11,D4
1.9,50,80,12,D4
2,30,80,13,D4
0.5,31,80,14,D4
0.6,32,80,10,D4
0.7,33,80,11,D4
0.8,34,80,12,D4
0.9,35,80,13,D4
1,36,80,14,D4
1.1,37,80,10,D4
1.2,38,80,11,D4
1.3,39,80,12,D4
1.4,40,80,13,D4
1.5,41,80,14,D4
1.6,42,80,10,D4
1.7,43,80,11,D4
1.8,44,80,12,D4
1.9,45,80,13,D4
2,46,80,14,D4
0.5,47,80,10,D4
0.6,48,80,11,D4
0.7,49,80,12,D4
0.8,50,80,13,D4
0.9,30,80,14,D4
1,31,80,10,D4
1.1,32,80,11,D4
1.2,33,80,12,D4
1.3,34,80,13,D4
1.4,35,80,14,D4
1.5,36,81,10,D4
1.6,37,81,11,D4
1.7,38,81,12,D4
1.8,39,81,13,D4
1.9,40,81,14,D4
2,41,81,10,D4
0.5,42,81,11,D4
0.6,43,81,12,D4
0.7,44,81,13,D4
0.8,45,81,14,D4
0.9,46,81,10,D4
1,47,81,11,D4
1.1,48,81,12,D4
1.2,49,81,13,D4
1.3,50,81,14,D4
1.4,30,81,10,D4
1.5,31,81,11,D4
1.6,32,81,12,D4
1.7,33,81,13,D4
1.8,34,81,14,D4
1.9,35,81,10,D4
2,36,81,11,D4
0.5,37,81,12,D4
0.6,38,81,13,D4
0.7,39,81,14,D4
0.8,40,81,10,D4
0.9,41,81,11,D4
1,42,81,12,D4
1.1,43,81,13,D4
1.2,44,81,14,D4
1.3,45,81,10,D4
1.4,46,81,11,D4
1.5,47,81,12,D4
1.6,48,81,13,D4
1.7,49,81,14,D4
1.8,50,81,10,D4
1.9,30,81,11,D4
2,31,81,12,D4
0.5,32,81,13,D4
0.6,33,81,14,D4
0.7,34,81,10,D4
0.8,35,81,11,D4
0.9,36,81,12,D4
1,37,81,13,D4
1.1,38,81,14,D4
1.2,39,81,10,D4
1.3,40,81,11,D4
1.4,41,81,12,D4
1.5,42,81,13,D4
1.6,43,81,14,D4
1.7,44,81,10,D4
1.8,45,81,11,D4
1.9,46,81,12,D4
2,47,81,13,D4
0.5,48,81,14,D4
0.6,49,81,10,D4
0.7,50,81,11,D4
0.8,30,81,12,D4
0.9,31,81,13,D4
1,32,81,14,D4
1.1,33,81,10,D4
1.2,34,81,11,D4
1.3,35,81,12,D4
1.4,36,81,13,D4
1.5,37,81,14,D4
1.6,38,81,10,D4
1.7,39,81,11,D4
1.8,40,81,12,D4
1.9,41,81,13,D4
2,42,81,14,D4
0.5,43,81,10,D4
0.6,44,81,11,D4
0.7,45,81,12,D4
0.8,46,81,13,D4
0.9,47,81,14,D4
1,48,81,10,D4
1.1,49,81,11,D4
1.2,50,81,12,D4
1.3,30,81,13,D4
1.4,31,81,14,D4
1.5,32,81,10,D4
1.6,33,81,11,D4
1.7,34,81,12,D4
1.8,35,81,13,D4
1.9,36,81,14,D4
2,37,81,10,D4
0.5,38,81,11,D4
0.6,39,81,12,D4
0.7,40,81,13,D4
0.8,41,81,14,D4
0.9,42,82,10,D4
1,43,82,11,D4
1.1,44,82,12,D4
1.2,45,82,13,D4
1.3,46,82,14,D4
1.4,47,82,10,D4
1.5,48,82,11,D4
1.6,49,82,12,D4
1.7,50,82,13,D4
1.8,30,82,14,D4
1.9,31,82,10,D4
2,32,82,11,D4
0.5,33,82,12,D4
0.6,34,82,13,D4
0.7,35,82,14,D4
0.8,36,82,10,D4
0.9,37,82,11,D4
1,38,82,12,D4
1.1,39,82,13,D4
1.2,40,82,14,D4
1.3,41,82,10,D4
1.4,42,82,11,D4
1.5,43,82,12,D4
1.6,44,82,13,D4
1.7,45,82,14,D4
1.8,46,82,10,D4
1.9,47,82,11,D4
2,48,82,12,D4
0.5,49,82,13,D4
0.6,50,82,14,D4
0.7,30,82,10,D4
0.8,31,82,11,D4
0.9,32,82,12,D4
1,33,82,13,D4
1.1,34,82,14,D4
1.2,35,82,10,D4
1.3,36,82,11,D4
1.4,37,82,12,D4
1.5,38,82,13,D4
1.6,39,82,14,D4
1.7,40,82,10,D4
1.8,41,82,11,D4
1.9,42,82,12,D4
2,43,82,13,D4
0.5,44,82,14,D4
0.6,45,82,10,D4
0.7,46,82,11,D4
0.8,47,82,12,D4
0.9,48,82,13,D4
1,49,82,14,D4
1.1,50,82,10,D4
1.2,30,82,11,D4
1.3,31,82,12,D4
1.4,32,82,13,D4
1.5,33,82,14,D4
1.6,34,82,10,D4
1.7,35,82,11,D4
1.8,36,82,12,D4
1.9,37,82,13,D4
2,38,82,14,D4
0.5,39,82,10,D4
0.6,40,82,11,D4
0.7,41,82,12,D4
0.8,42,82,13,D4
0.9,43,82,14,D4
1,44,82,10,D4
1.1,45,82,11,D4
1.2,46,82,12,D4
1.3,47,82,13,D4
1.4,48,82,14,D4
1.5,49,82,10,D4
1.6,50,82,11,D4
1.7,30,82,12,D4
1.8,31,82,13,D4
1.9,32,82,14,D4
2,33,82,10,D4
0.5,34,82,11,D4
0.6,35,82,12,D4
0.7,36,82,13,D4
0.8,37,82,14,D4
0.9,38,82,10,D4
1,39,82,11,D4
1.1,40,82,12,D4
1.2,41,82,13,D4
1.3,42,82,14,D4
1.4,43,82,10,D4
1.5,44,82,11,D4
1.6,45,82,12,D4
1.7,46,82,13,D4
1.8,47,82,14,D4
1.9,48,83,10,D4
2,49,83,11,D4
0.5,50,83,12,D4
0.6,30,83,13,D4
0.7,31,83,14,D4
0.8,32,83,10,D4
0.9,33,83,11,D4
1,34,83,12,D4
1.1,35,83,13,D4
1.2,36,83,14,D4
1.3,37,83,10,D4
1.4,38,83,11,D4
1.5,39,83,12,D4
1.6,40,83,13,D4
1.7,41,83,14,D4
1.8,42,83,10,D4
1.9,43,83,11,D4
2,44,83,12,D4
0.5,45,83,13,D4
0.6,46,83,14,D4
0.7,47,83,10,D4
0.8,48,83,11,D4
0.9,49,83,12,D4
1,50,83,13,D4
1.1,30,83,14,D4
1.2,31,83,10,D4
1.3,32,83,11,D4
1.4,33,83,12,D4
1.5,34,83,13,D4
1.6,35,83,14,D4
1.7,36,83,10,D4
1.8,37,83,11,D4
1.9,38,83,12,D4
2,39,83,13,D4
0.5,40,83,14,D4
0.6,41,83,10,D4
0.7,42,83,11,D4
0.8,43,83,12,D4
0.9,44,83,13,D4
1,45,83,14,D4
1.1,46,83,10,D4
1.2,47,83,11,D4
1.3,48,83,12,D4
1.4,49,83,13,D4
1.5,50,83,14,D4
1.6,30,83,10,D4
1.7,31,83,11,D4
1.8,32,83,12,D4
1.9,33,83,13,D4
2,34,83,14,D4
0.5,35,83,10,D4
0.6,36,83,11,D4
0.7,37,83,12,D4
0.8,38,83,13,D4
0.9,39,83,14,D4
1,40,83,10,D4
1.1,41,83,11,D4
1.2,42,83,12,D4
1.3,43,83,13,D4
1.4,44,83,14,D4
1.5,45,83,10,D4
1.6,46,83,11,D4
1.7,47,83,12,D4
1.8,48,83,13,D4
1.9,49,83,14,D4
2,50,83,10,D4
0.5,30,83,11,D4
0.6,31,83,12,D4
0.7,32,83,13,D4
0.8,33,83,14,D4
0.9,34,83,10,D4
1,35,83,11,D4
1.1,36,83,12,D4
1.2,37,83,13,D4
1.3,38,83,14,D4
1.4,39,83,10,D4
1.5,40,83,11,D4
1.6,41,83,12,D4
1.7,42,83,13,D4
1.8,43,83,14,D4
1.9,44,83,10,D4
2,45,83,11,D4
0.5,46,83,12,D4
0.6,47,83,13,D4
0.7,48,83,14,D4
0.8,49,83,10,D4
0.9,50,83,11,D4
1,30,83,12,D4
1.1,31,83,13,D4
1.2,32,83,14,D4
1.3,33,84,10,D4
1.4,34,84,11,D4
1.5,35,84,12,D4
1.6,36,84,13,D4
1.7,37,84,14,D4
1.8,38,84,10,D4
1.9,39,84,11,D4
2,40,84,12,D4
0.5,41,84,13,D4
0.6,42,84,14,D4
0.7,43,84,10,D4
0.8,44,84,11,D4
0.9,45,84,12,D4
1,46,84,13,D4
1.1,47,84,14,D4
1.2,48,84,10,D4
1.3,49,84,11,D4
1.4,50,84,12,D4
1.5,30,84,13,D4
1.6,31,84,14,D4
1.7,32,84,10,D4
1.8,33,84,11,D4
1.9,34,84,12,D4
2,35,84,13,D4
0.5,36,84,14,D4
0.6,37,84,10,D4
0.7,38,84,11,D4
0.8,39,84,12,D4
0.9,40,84,13,D4
1,41,84,14,D4
1.1,42,84,10,D4
1.2,43,84,11,D4
1.3,44,84,12,D4
1.4,45,84,13,D4
1.5,46,84,14,D4
1.6,47,84,10,D4
1.7,48,84,11,D4
1.8,49,84,12,D4
1.9,50,84,13,D4
2,30,84,14,D4
0.5,31,84,10,D4
0.6,32,84,11,D4
0.7,33,84,12,D4
0.8,34,84,13,D4
0.9,35,84,14,D4
1,36,84,10,D4
1.1,37,84,11,D4
1.2,38,84,12,D4
1.3,39,84,13,D4
1.4,40,84,14,D4
1.5,41,84,10,D4
1.6,42,84,11,D4
1.7,43,84,12,D4
1.8,44,84,13,D4
1.9,45,84,14,D4
2,46,84,10,D4
0.5,47,84,11,D4
0.6,48,84,12,D4
0.7,49,84,13,D4
0.8,50,84,14,D4
0.9,30,84,10,D4
1,31,84,11,D4
1.1,32,84,12,D4
1.2,33,84,13,D4
1.3,34,84,14,D4
1.4,35,84,10,D4
1.5,36,84,11,D4
1.6,37,84,12,D4
1.7,38,84,13,D4
1.8,39,84,14,D4
1.9,40,84,10,D4
2,41,84,11,D4
0.5,42,84,12,D4
0.6,43,84,13,D4
0.7,44,84,14,D4
0.8,45,84,10,D4
0.9,46,84,11,D4
1,47,84,12,D4
1.1,48,84,13,D4
1.2,49,84,14,D4
1.3,50,84,10,D4
1.4,30,84,11,D4
1.5,31,84,12,D4
1.6,32,84,13,D4
1.7,33,84,14,D4
1.8,34,84,10,D4
1.9,35,84,11,D4
2,36,84,12,D4
0.5,37,84,13,D4
0.6,38,84,14,D4
0.7,39,85,10,D4
0.8,40,85,11,D4
0.9,41,85,12,D4
1,42,85,13,D4
1.1,43,85,14,D4
1.2,44,85,10,D4
1.3,45,85,11,D4
1.4,46,85,12,D4
1.5,47,85,13,D4
1.6,48,85,14,D4
1.7,49,85,10,D4
1.8,50,85,11,D4
1.9,30,85,12,D4
2,31,85,13,D4
0.5,32,85,14,D4
0.6,33,85,10,D4
0.7,34,85,11,D4
0.8,35,85,12,D4
0.9,36,85,13,D4
1,37,85,14,D4
1.1,38,85,10,D4
1.2,39,85,11,D4
1.3,40,85,12,D4
1.4,41,85,13,D4
1.5,42,85,14,D4
1.6,43,85,10,D4
1.7,44,85,11,D4
1.8,45,85,12,D4
1.9,46,85,13,D4
2,47,85,14,D4
0.5,48,85,10,D4
0.6,49,85,11,D4
0.7,50,85,12,D4
0.8,30,85,13,D4
0.9,31,85,14,D4
1,32,85,10,D4
1.1,33,85,11,D4
1.2,34,85,12,D4
1.3,35,85,13,D4
1.4,36,85,14,D4
1.5,37,85,10,D4
1.6,38,85,11,D4
1.7,39,85,12,D4
1.8,40,85,13,D4
1.9,41,85,14,D4
2,42,85,10,D4
0.5,43,85,11,D4
0.6,44,85,12,D4
0.7,45,85,13,D4
0.8,46,85,14,D4
0.9,47,85,10,D4
1,48,85,11,D4
1.1,49,85,12,D4
1.2,50,85,13,D4
1.3,30,85,14,D4
1.4,31,85,10,D4
1.5,32,85,11,D4
1.6,33,85,12,D4
1.7,34,85,13,D4
1.8,35,85,14,D4
1.9,36,85,10,D4
2,37,85,11,D4
0.5,38,85,12,D4
0.6,39,85,13,D4
0.7,40,85,14,D4
0.8,41,85,10,D4
0.9,42,85,11,D4
1,43,85,12,D4
1.1,44,85,13,D4
1.2,45,85,14,D4
1.3,46,85,10,D4
1.4,47,85,11,D4
1.5,48,85,12,D4
1.6,49,85,13,D4
1.7,50,85,14,D4
1.8,30,85,10,D4
1.9,31,85,11,D4
2,32,85,12,D4
0.5,33,85,13,D4
0.6,34,85,14,D4
0.7,35,85,10,D4
0.8,36,85,11,D4
0.9,37,85,12,D4
1,38,85,13,D4
1.1,39,85,14,D4
1.2,40,85,10,D4
1.3,41,85,11,D4
1.4,42,85,12,D4
1.5,43,85,13,D4
1.6,44,85,14,D4
1.7,45,86,10,D4
1.8,46,86,11,D4
1.9,47,86,12,D4
2,48,86,13,D4
0.5,49,86,14,D4
0.6,50,86,10,D4
0.7,30,86,11,D4
0.8,31,86,12,D4
0.9,32,86,13,D4
1,33,86,14,D4
1.1,34,86,10,D4
1.2,35,86,11,D4
1.3,36,86,12,D4
1.4,37,86,13,D4
1.5,38,86,14,D4
1.6,39,86,10,D4
1.7,40,86,11,D4
1.8,41,86,12,D4
1.9,42,86,13,D4
2,43,86,14,D4
0.5,44,86,10,D4
0.6,45,86,11,D4
0.7,46,86,12,D4
0.8,47,86,13,D4
0.9,48,86,14,D4
1,49,86,10,D4
1.1,50,86,11,D4
1.2,30,86,12,D4
1.3,31,86,13,D4
1.4,32,86,14,D4
1.5,33,86,10,D4
1.6,34,86,11,D4
1.7,35,86,12,D4
1.8,36,86,13,D4
1.9,37,86,14,D4
2,38,86,10,D4
0.5,39,86,11,D4
0.6,40,86,12,D4
0.7,41,86,13,D4
0.8,42,86,14,D4
0.9,43,86,10,D4
1,44,86,11,D4
1.1,45,86,12,D4
1.2,46,86,13,D4
1.3,47,86,14,D4
1.4,48,86,10,D4
1.5,49,86,11,D4
1.6,50,86,12,D4
1.7,30,86,13,D4
1.8,31,86,14,D4
1.9,32,86,10,D4
2,33,86,11,D4
0.5,34,86,12,D4
0.6,35,86,13,D4
0.7,36,86,14,D4
0.8,37,86,10,D4
0.9,38,86,11,D4
1,39,86,12,D4
1.1,40,86,13,D4
1.2,41,86,14,D4
1.3,42,86,10,D4
1.4,43,86,11,D4
1.5,44,86,12,D4
1.6,45,86,13,D4
1.7,46,86,14,D4
1.8,47,86,10,D4
1.9,48,86,11,D4
2,49,86,12,D4
0.5,50,86,13,D4
0.6,30,86,14,D4
0.7,31,86,10,D4
0.8,32,86,11,D4
0.9,33,86,12,D4
1,34,86,13,D4
1.1,35,86,14,D4
1.2,36,86,10,D4
1.3,37,86,11,D4
1.4,38,86,12,D4
1.5,39,86,13,D4
1.6,40,86,14,D4
1.7,41,86,10,D4
1.8,42,86,11,D4
1.9,43,86,12,D4
2,44,86,13,D4
0.5,45,86,14,D4
0.6,46,86,10,D4
0.7,47,86,11,D4
0.8,48,86,12,D4
0.9,49,86,13,D4
1,50,86,14,D4
1.1,30,87,10,D4
1.2,31,87,11,D4
1.3,32,87,12,D4
1.4,33,87,13,D4
1.5,34,87,14,D4
1.6,35,87,10,D4
1.7,36,87,11,D4
1.8,37,87,12,D4
1.9,38,87,13,D4
2,39,87,14,D4
0.5,40,87,10,D4
0.6,41,87,11,D4
0.7,42,87,12,D4
0.8,43,87,13,D4
0.9,44,87,14,D4
1,45,87,10,D4
1.1,46,87,11,D4
1.2,47,87,12,D4
1.3,48,87,13,D4
1.4,49,87,14,D4
1.5,50,87,10,D4
1.6,30,87,11,D4
1.7,31,87,12,D4
1.8,32,87,13,D4
1.9,33,87,14,D4
2,34,87,10,D4
0.5,35,87,11,D4
0.6,36,87,12,D4
0.7,37,87,13,D4
0.8,38,87,14,D4
0.9,39,87,10,D4
1,40,87,11,D4
1.1,41,87,12,D4
1.2,42,87,13,D4
1.3,43,87,14,D4
1.4,44,87,10,D4
1.5,45,87,11,D4
1.6,46,87,12,D4
1.7,47,87,13,D4
1.8,48,87,14,D4
1.9,49,87,10,D4
2,50,87,11,D4
0.5,30,87,12,D4
0.6,31,87,13,D4
0.7,32,87,14,D4
0.8,33,87,10,D4
0.9,34,87,11,D4
1,35,87,12,D4
1.1,36,87,13,D4
1.2,37,87,14,D4
1.3,38,87,10,D4
1.4,39,87,11,D4
1.5,40,87,12,D4
1.6,41,87,13,D4
1.7,42,87,14,D4
1.8,43,87,10,D4
1.9,44,87,11,D4
2,45,87,12,D4
0.5,46,87,13,D4
0.6,47,87,14,D4
0.7,48,87,10,D4
0.8,49,87,11,D4
0.9,50,87,12,D4
1,30,87,13,D4
1.1,31,87,14,D4
1.2,32,87,10,D4
1.3,33,87,11,D4
1.4,34,87,12,D4
1.5,35,87,13,D4
1.6,36,87,14,D4
1.7,37,87,10,D4
1.8,38,87,11,D4
1.9,39,87,12,D4
2,40,87,13,D4
0.5,41,87,14,D4
0.6,42,87,10,D4
0.7,43,87,11,D4
0.8,44,87,12,D4
0.9,45,87,13,D4
1,46,87,14,D4
1.1,47,87,10,D4
1.2,48,87,11,D4
1.3,49,87,12,D4
1.4,50,87,13,D4
1.5,30,87,14,D4
1.6,31,87,10,D4
1.7,32,87,11,D4
1.8,33,87,12,D4
1.9,34,87,13,D4
2,35,87,14,D4
0.5,36,88,10,D4
0.6,37,88,11,D4
0.7,38,88,12,D4
0.8,39,88,13,D4
0.9,40,88,14,D4
1,41,88,10,D4
1.1,42,88,11,D4
1.2,43,88,12,D4
1.3,44,88,13,D4
1.4,45,88,14,D4
1.5,46,88,10,D4
1.6,47,88,11,D4
1.7,48,88,12,D4
1.8,49,88,13,D4
1.9,50,88,14,D4
2,30,88,10,D4
0.5,31,88,11,D4
0.6,32,88,12,D4
0.7,33,88,13,D4
0.8,34,88,14,D4
0.9,35,88,10,D4
1,36,88,11,D4
1.1,37,88,12,D4
1.2,38,88,13,D4
1.3,39,88,14,D4
1.4,40,88,10,D4
1.5,41,88,11,D4
1.6,42,88,12,D4
1.7,43,88,13,D4
1.8,44,88,14,D4
1.9,45,88,10,D4
2,46,88,11,D4
0.5,47,88,12,D4
0.6,48,88,13,D4
0.7,49,88,14,D4
0.8,50,88,10,D4
0.9,30,88,11,D4
1,31,88,12,D4
1.1,32,88,13,D4
1.2,33,88,14,D4
1.3,34,88,10,D4
1.4,35,88,11,D4
1.5,36,88,12,D4
1.6,37,88,13,D4
1.7,38,88,14,D4
1.8,39,88,10,D4
1.9,40,88,11,D4
2,41,88,12,D4
0.5,42,88,13,D4
0.6,43,88,14,D4
0.7,44,88,10,D4
0.8,45,88,11,D4
0.9,46,88,12,D4
1,47,88,13,D4
1.1,48,88,14,D4
1.2,49,88,10,D4
1.3,50,88,11,D4
1.4,30,88,12,D4
1.5,31,88,13,D4
1.6,32,88,14,D4
1.7,33,88,10,D4
1.8,34,88,11,D4
1.9,35,88,12,D4
2,36,88,13,D4
0.5,37,88,14,D4
0.6,38,88,10,D4
0.7,39,88,11,D4
0.8,40,88,12,D4
0.9,41,88,13,D4
1,42,88,14,D4
1.1,43,88,10,D4
1.2,44,88,11,D4
1.3,45,88,12,D4
1.4,46,88,13,D4
1.5,47,88,14,D4
1.6,48,88,10,D4
1.7,49,88,11,D4
1.8,50,88,12,D4
1.9,30,88,13,D4
2,31,88,14,D4
0.5,32,88,10,D4
0.6,33,88,11,D4
0.7,34,88,12,D4
0.8,35,88,13,D4
0.9,36,88,14,D4
1,37,88,10,D4
1.1,38,88,11,D4
1.2,39,88,12,D4
1.3,40,88,13,D4
1.4,41,88,14,D4
1.5,42,89,10,D4
1.6,43,89,11,D4
1.7,44,89,12,D4
1.8,45,89,13,D4
1.9,46,89,14,D4
2,47,89,10,D4
0.5,48,89,11,D4
0.6,49,89,12,D4
0.7,50,89,13,D4
0.8,30,89,14,D4
0.9,31,89,10,D4
1,32,89,11,D4
1.1,33,89,12,D4
1.2,34,89,13,D4
1.3,35,89,14,D4
1.4,36,89,10,D4
1.5,37,89,11,D4
1.6,38,89,12,D4
1.7,39,89,13,D4
1.8,40,89,14,D4
1.9,41,89,10,D4
2,42,89,11,D4
0.5,43,89,12,D4
0.6,44,89,13,D4
0.7,45,89,14,D4
0.8,46,89,10,D4
0.9,47,89,11,D4
1,48,89,12,D4
1.1,49,89,13,D4
1.2,50,89,14,D4
1.3,30,89,10,D4
1.4,31,89,11,D4
1.5,32,89,12,D4
1.6,33,89,13,D4
1.7,34,89,14,D4
1.8,35,89,10,D4
1.9,36,89,11,D4
2,37,89,12,D4
0.5,38,89,13,D4
0.6,39,89,14,D4
0.7,40,89,10,D4
0.8,41,89,11,D4
0.9,42,89,12,D4
1,43,89,13,D4
1.1,44,89,14,D4
1.2,45,89,10,D4
1.3,46,89,11,D4
1.4,47,89,12,D4
1.5,48,89,13,D4
1.6,49,89,14,D4
1.7,50,89,10,D4
1.8,30,89,11,D4
1.9,31,89,12,D4
2,32,89,13,D4
0.5,33,89,14,D4
0.6,34,89,10,D4
0.7,35,89,11,D4
0.8,36,89,12,D4
0.9,37,89,13,D4
1,38,89,14,D4
1.1,39,89,10,D4
1.2,40,89,11,D4
1.3,41,89,12,D4
1.4,42,89,13,D4
1.5,43,89,14,D4
1.6,44,89,10,D4
1.7,45,89,11,D4
1.8,46,89,12,D4
1.9,47,89,13,D4
2,48,89,14,D4
0.5,49,89,10,D4
0.6,50,89,11,D4
0.7,30,89,12,D4
0.8,31,89,13,D4
0.9,32,89,14,D4
1,33,89,10,D4
1.1,34,89,11,D4
1.2,35,89,12,D4
1.3,36,89,13,D4
1.4,37,89,14,D4
1.5,38,89,10,D4
1.6,39,89,11,D4
1.7,40,89,12,D4
1.8,41,89,13,D4
1.9,42,89,14,D4
2,43,89,10,D4
0.5,44,89,11,D4
0.6,45,89,12,D4
0.7,46,89,13,D4
0.8,47,89,14,D4
0.9,48,90,10,D4
1,49,90,11,D4
1.1,50,90,12,D4
1.2,30,90,13,D4
1.3,31,90,14,D4
1.4,32,90,10,D4
1.5,33,90,11,D4
1.6,34,90,12,D4
1.7,35,90,13,D4
1.8,36,90,14,D4
1.9,37,90,10,D4
2,38,90,11,D4
0.5,39,90,12,D4
0.6,40,90,13,D4
0.7,41,90,14,D4
0.8,42,90,10,D4
0.9,43,90,11,D4
1,44,90,12,D4
1.1,45,90,13,D4
1.2,46,90,14,D4
1.3,47,90,10,D4
1.4,48,90,11,D4
1.5,49,90,12,D4
1.6,50,90,13,D4
1.7,30,90,14,D4
1.8,31,90,10,D4
1.9,32,90,11,D4
2,33,90,12,D4
0.5,34,90,13,D4
0.6,35,90,14,D4
0.7,36,90,10,D4
0.8,37,90,11,D4
0.9,38,90,12,D4
1,39,90,13,D4
1.1,40,90,14,D4
1.2,41,90,10,D4
1.3,42,90,11,D4
1.4,43,90,12,D4
1.5,44,90,13,D4
1.6,45,90,14,D4
1.7,46,90,10,D4
1.8,47,90,11,D4
1.9,48,90,12,D4
2,49,90,13,D4
0.5,50,90,14,D4
0.6,30,90,10,D4
0.7,31,90,11,D4
0.8,32,90,12,D4
0.9,33,90,13,D4
1,34,90,14,D4
1.1,35,90,10,D4
1.2,36,90,11,D4
1.3,37,90,12,D4
1.4,38,90,13,D4
1.5,39,90,14,D4
1.6,40,90,10,D4
1.7,41,90,11,D4
1.8,42,90,12,D4
1.9,43,90,13,D4
2,44,90,14,D4
0.5,45,90,10,D4
0.6,46,90,11,D4
0.7,47,90,12,D4
0.8,48,90,13,D4
0.9,49,90,14,D4
1,50,90,10,D4
1.1,30,90,11,D4
1.2,31,90,12,D4
1.3,32,90,13,D4
1.4,33,90,14,D4
1.5,34,90,10,D4
1.6,35,90,11,D4
1.7,36,90,12,D4
1.8,37,90,13,D4
1.9,38,90,14,D4
2,39,90,10,D4
0.5,40,90,11,D4
0.6,41,90,12,D4
0.7,42,90,13,D4
0.8,43,90,14,D4
0.9,44,90,10,D4
1,45,90,11,D4
1.1,46,90,12,D4
1.2,47,90,13,D4
1.3,48,90,14,D4
1.4,49,90,10,D4
1.5,50,90,11,D4
1.6,30,90,12,D4
1.7,31,90,13,D4
1.8,32,90,14,D4
1.9,33,91,10,D4
2,34,91,11,D4
0.5,35,91,12,D4
0.6,36,91,13,D4
0.7,37,91,14,D4
0.8,38,91,10,D4
0.9,39,91,11,D4
1,40,91,12,D4
1.1,41,91,13,D4
1.2,42,91,14,D4
1.3,43,91,10,D4
1.4,44,91,11,D4
1.5,45,91,12,D4
1.6,46,91,13,D4
1.7,47,91,14,D4
1.8,48,91,10,D4
1.9,49,91,11,D4
2,50,91,12,D4
0.5,30,91,13,D4
0.6,31,91,14,D4
0.7,32,91,10,D4
0.8,33,91,11,D4
0.9,34,91,12,D4
1,35,91,13,D4
1.1,36,91,14,D4
1.2,37,91,10,D4
1.3,38,91,11,D4
1.4,39,91,12,D4
1.5,40,91,13,D4
1.6,41,91,14,D4
1.7,42,91,10,D4
1.8,43,91,11,D4
1.9,44,91,12,D4
2,45,91,13,D4
0.5,46,91,14,D4
0.6,47,91,10,D4
0.7,48,91,11,D4
0.8,49,91,12,D4
0.9,50,91,13,D4
1,30,91,14,D4
1.1,31,91,10,D4
1.2,32,91,11,D4
1.3,33,91,12,D4
1.4,34,91,13,D4
1.5,35,91,14,D4
1.6,36,91,10,D4
1.7,37,91,11,D4
1.8,38,91,12,D4
1.9,39,91,13,D4
2,40,91,14,D4
0.5,41,91,10,D4
0.6,42,91,11,D4
0.7,43,91,12,D4
0.8,44,91,13,D4
0.9,45,91,14,D4
1,46,91,10,D4
1.1,47,91,11,D4
1.2,48,91,12,D4
1.3,49,91,13,D4
1.4,50,91,14,D4
1.5,30,91,10,D4
1.6,31,91,11,D4
1.7,32,91,12,D4
1.8,33,91,13,D4
1.9,34,91,14,D4
2,35,91,10,D4
0.5,36,91,11,D4
0.6,37,91,12,D4
0.7,38,91,13,D4
0.8,39,91,14,D4
0.9,40,91,10,D4
1,41,91,11,D4
1.1,42,91,12,D4
1.2,43,91,13,D4
1.3,44,91,14,D4
1.4,45,91,10,D4
1.5,46,91,11,D4
1.6,47,91,12,D4
1.7,48,91,13,D4
1.8,49,91,14,D4
1.9,50,91,10,D4
2,30,91,11,D4
0.5,31,91,12,D4
0.6,32,91,13,D4
0.7,33,91,14,D4
0.8,34,91,10,D4
0.9,35,91,11,D4
1,36,91,12,D4
1.1,37,91,13,D4
1.2,38,91,14,D4
1.3,39,92,10,D4
1.4,40,92,11,D4
1.5,41,92,12,D4
1.6,42,92,13,D4
1.7,43,92,14,D4
1.8,44,92,10,D4
1.9,45,92,11,D4
2,46,92,12,D4
0.5,47,92,13,D4
0.6,48,92,14,D4
0.7,49,92,10,D4
0.8,50,92,11,D4
0.9,30,92,12,D4
1,31,92,13,D4
1.1,32,92,14,D4
1.2,33,92,10,D4
1.3,34,92,11,D4
1.4,35,92,12,D4
1.5,36,92,13,D4
1.6,37,92,14,D4
1.7,38,92,10,D4
1.8,39,92,11,D4
1.9,40,92,12,D4
2,41,92,13,D4
0.5,42,92,14,D4
0.6,43,92,10,D4
0.7,44,92,11,D4
0.8,45,92,12,D4
0.9,46,92,13,D4
1,47,92,14,D4
1.1,48,92,10,D4
1.2,49,92,11,D4
1.3,50,92,12,D4
1.4,30,92,13,D4
1.5,31,92,14,D4
1.6,32,92,10,D4
1.7,33,92,11,D4
1.8,34,92,12,D4
1.9,35,92,13,D4
2,36,92,14,D4
0.5,37,92,10,D4
0.6,38,92,11,D4
0.7,39,92,12,D4
0.8,40,92,13,D4
0.9,41,92,14,D4
1,42,92,10,D4
1.1,43,92,11,D4
1.2,44,92,12,D4
1.3,45,92,13,D4
1.4,46,92,14,D4
1.5,47,92,10,D4
1.6,48,92,11,D4
1.7,49,92,12,D4
1.8,50,92,13,D4
1.9,30,92,14,D4
2,31,92,10,D4
0.5,32,92,11,D4
0.6,33,92,12,D4
0.7,34,92,13,D4
0.8,35,92,14,D4
0.9,36,92,10,D4
1,37,92,11,D4
1.1,38,92,12,D4
1.2,39,92,13,D4
1.3,40,92,14,D4
1.4,41,92,10,D4
1.5,42,92,11,D4
1.6,43,92,12,D4
1.7,44,92,13,D4
1.8,45,92,14,D4
1.9,46,92,10,D4
2,47,92,11,D4
0.5,48,92,12,D4
0.6,49,92,13,D4
0.7,50,92,14,D4
0.8,30,92,10,D4
0.9,31,92,11,D4
1,32,92,12,D4
1.1,33,92,13,D4
1.2,34,92,14,D4
1.3,35,92,10,D4
1.4,36,92,11,D4
1.5,37,92,12,D4
1.6,38,92,13,D4
1.7,39,92,14,D4
1.8,40,92,10,D4
1.9,41,92,11,D4
2,42,92,12,D4
0.5,43,92,13,D4
0.6,44,92,14,D4
0.7,45,93,10,D4
0.8,46,93,11,D4
0.9,47,93,12,D4
1,48,93,13,D4
1.1,49,93,14,D4
1.2,50,93,10,D4
1.3,30,93,11,D4
1.4,31,93,12,D4
1.5,32,93,13,D4
1.6,33,93,14,D4
1.7,34,93,10,D4
1.8,35,93,11,D4
1.9,36,93,12,D4
2,37,93,13,D4
0.5,38,93,14,D4
0.6,39,93,10,D4
0.7,40,93,11,D4
0.8,41,93,12,D4
0.9,42,93,13,D4
1,43,93,14,D4
1.1,44,93,10,D4
1.2,45,93,11,D4
1.3,46,93,12,D4
1.4,47,93,13,D4
1.5,48,93,14,D4
1.6,49,93,10,D4
1.7,50,93,11,D4
1.8,30,93,12,D4
1.9,31,93,13,D4
2,32,93,14,D4
0.5,33,93,10,D4
0.6,34,93,11,D4
0.7,35,93,12,D4
0.8,36,93,13,D4
0.9,37,93,14,D4
1,38,93,10,D4
1.1,39,93,11,D4
1.2,40,93,12,D4
1.3,41,93,13,D4
1.4,42,93,14,D4
1.5,43,93,10,D4
1.6,44,93,11,D4
1.7,45,93,12,D4
1.8,46,93,13,D4
1.9,47,93,14,D4
2,48,93,10,D4
0.5,49,93,11,D4
0.6,50,93,12,D4
0.7,30,93,13,D4
0.8,31,93,14,D4
0.9,32,93,10,D4
1,33,93,11,D4
1.1,34,93,12,D4
1.2,35,93,13,D4
1.3,36,93,14,D4
1.4,37,93,10,D4
1.5,38,93,11,D4
1.6,39,93,12,D4
1.7,40,93,13,D4
1.8,41,93,14,D4
1.9,42,93,10,D4
2,43,93,11,D4
0.5,44,93,12,D4
0.6,45,93,13,D4
0.7,46,93,14,D4
0.8,47,93,10,D4
0.9,48,93,11,D4
1,49,93,12,D4
1.1,50,93,13,D4
1.2,30,93,14,D4
1.3,31,93,10,D4
1.4,32,93,11,D4
1.5,33,93,12,D4
1.6,34,93,13,D4
1.7,35,93,14,D4
1.8,36,93,10,D4
1.9,37,93,11,D4
2,38,93,12,D4
0.5,39,93,13,D4
0.6,40,93,14,D4
0.7,41,93,10,D4
0.8,42,93,11,D4
0.9,43,93,12,D4
1,44,93,13,D4
1.1,45,93,14,D4
1.2,46,93,10,D4
1.3,47,93,11,D4
1.4,48,93,12,D4
1.5,49,93,13,D4
1.6,50,93,14,D4
1.7,30,94,10,D4
1.8,31,94,11,D4
1.9,32,94,12,D4
2,33,94,13,D4
0.5,34,94,14,D4
0.6,35,94,10,D4
0.7,36,94,11,D4
0.8,37,94,12,D4
0.9,38,94,13,D4
1,39,94,14,D4
1.1,40,94,10,D4
1.2,41,94,11,D4
1.3,42,94,12,D4
1.4,43,94,13,D4
1.5,44,94,14,D4
1.6,45,94,10,D4
1.7,46,94,11,D4
1.8,47,94,12,D4
1.9,48,94,13,D4
2,49,94,14,D4
0.5,50,94,10,D4
0.6,30,94,11,D4
0.7,31,94,12,D4
0.8,32,94,13,D4
0.9,33,94,14,D4
1,34,94,10,D4
1.1,35,94,11,D4
1.2,36,94,12,D4
1.3,37,94,13,D4
1.4,38,94,14,D4
1.5,39,94,10,D4
1.6,40,94,11,D4
1.7,41,94,12,D4
1.8,42,94,13,D4
1.9,43,94,14,D4
2,44,94,10,D4
0.5,45,94,11,D4
0.6,46,94,12,D4
0.7,47,94,13,D4
0.8,48,94,14,D4
0.9,49,94,10,D4
1,50,94,11,D4
1.1,30,94,12,D4
1.2,31,94,13,D4
1.3,32,94,14,D4
1.4,33,94,10,D4
1.5,34,94,11,D4
1.6,35,94,12,D4
1.7,36,94,13,D4
1.8,37,94,14,D4
1.9,38,94,10,D4
2,39,94,11,D4
0.5,40,94,12,D4
0.6,41,94,13,D4
0.7,42,94,14,D4
0.8,43,94,10,D4
0.9,44,94,11,D4
1,45,94,12,D4
1.1,46,94,13,D4
1.2,47,94,14,D4
1.3,48,94,10,D4
1.4,49,94,11,D4
1.5,50,94,12,D4
1.6,30,94,13,D4
1.7,31,94,14,D4
1.8,32,94,10,D4
1.9,33,94,11,D4
2,34,94,12,D4
0.5,35,94,13,D4
0.6,36,94,14,D4
0.7,37,94,10,D4
0.8,38,94,11,D4
0.9,39,94,12,D4
1,40,94,13,D4
1.1,41,94,14,D4
1.2,42,94,10,D4
1.3,43,94,11,D4
1.4,44,94,12,D4
1.5,45,94,13,D4
1.6,46,94,14,D4
1.7,47,94,10,D4
1.8,48,94,11,D4
1.9,49,94,12,D4
2,50,94,13,D4
0.5,30,94,14,D4
0.6,31,94,10,D4
0.7,32,94,11,D4
0.8,33,94,12,D4
0.9,34,94,13,D4
1,35,94,14,D4
1.1,36,95,10,D4
1.2,37,95,11,D4
1.3,38,95,12,D4
1.4,39,95,13,D4
1.5,40,95,14,D4
1.6,41,95,10,D4
1.7,42,95,11,D4
1.8,43,95,12,D4
1.9,44,95,13,D4
2,45,95,14,D4
0.5,46,95,10,D4
0.6,47,95,11,D4
0.7,48,95,12,D4
0.8,49,95,13,D4
0.9,50,95,14,D4
1,30,95,10,D4
1.1,31,95,11,D4
1.2,32,95,12,D4
1.3,33,95,13,D4
1.4,34,95,14,D4
1.5,35,95,10,D4
1.6,36,95,11,D4
1.7,37,95,12,D4
1.8,38,95,13,D4
1.9,39,95,14,D4
2,40,95,10,D4
0.5,41,95,11,D4
0.6,42,95,12,D4
0.7,43,95,13,D4
0.8,44,95,14,D4
0.9,45,95,10,D4
1,46,95,11,D4
1.1,47,95,12,D4
1.2,48,95,13,D4
1.3,49,95,14,D4
1.4,50,95,10,D4
1.5,30,95,11,D4
1.6,31,95,12,D4
1.7,32,95,13,D4
1.8,33,95,14,D4
1.9,34,95,10,D4
2,35,95,11,D4
0.5,36,95,12,D4
0.6,37,95,13,D4
0.7,38,95,14,D4
0.8,39,95,10,D4
0.9,40,95,11,D4
1,41,95,12,D4
1.1,42,95,13,D4
1.2,43,95,14,D4
1.3,44,95,10,D4
1.4,45,95,11,D4
1.5,46,95,12,D4
1.6,47,95,13,D4
1.7,48,95,14,D4
1.8,49,95,10,D4
1.9,50,95,11,D4
2,30,95,12,D4
0.5,31,95,13,D4
0.6,32,95,14,D4
0.7,33,95,10,D4
0.8,34,95,11,D4
0.9,35,95,12,D4
1,36,95,13,D4
1.1,37,95,14,D4
1.2,38,95,10,D4
1.3,39,95,11,D4
1.4,40,95,12,D4
1.5,41,95,13,D4
1.6,42,95,14,D4
1.7,43,95,10,D4
1.8,44,95,11,D4
1.9,45,95,12,D4
2,46,95,13,D4
0.5,47,95,14,D4
0.6,48,95,10,D4
0.7,49,95,11,D4
0.8,50,95,12,D4
0.9,30,95,13,D4
1,31,95,14,D4
1.1,32,95,10,D4
1.2,33,95,11,D4
1.3,34,95,12,D4
1.4,35,95,13,D4
1.5,36,95,14,D4
1.6,37,95,10,D4
1.7,38,95,11,D4
1.8,39,95,12,D4
1.9,40,95,13,D4
2,41,95,14,D4
0.5,42,96,10,D4
0.6,43,96,11,D4
0.7,44,96,12,D4
0.8,45,96,13,D4
0.9,46,96,14,D4
1,47,96,10,D4
1.1,48,96,11,D4
1.2,49,96,12,D4
1.3,50,96,13,D4
1.4,30,96,14,D4
1.5,31,96,10,D4
1.6,32,96,11,D4
1.7,33,96,12,D4
1.8,34,96,13,D4
1.9,35,96,14,D4
2,36,96,10,D4
0.5,37,96,11,D4
0.6,38,96,12,D4
0.7,39,96,13,D4
0.8,40,96,14,D4
0.9,41,96,10,D4
1,42,96,11,D4
1.1,43,96,12,D4
1.2,44,96,13,D4
1.3,45,96,14,D4
1.4,46,96,10,D4
1.5,47,96,11,D4
1.6,48,96,12,D4
1.7,49,96,13,D4
1.8,50,96,14,D4
1.9,30,96,10,D4
2,31,96,11,D4
0.5,32,96,12,D4
0.6,33,96,13,D4
0.7,34,96,14,D4
0.8,35,96,10,D4
0.9,36,96,11,D4
1,37,96,12,D4
1.1,38,96,13,D4
1.2,39,96,14,D4
1.3,40,96,10,D4
1.4,41,96,11,D4
1.5,42,96,12,D4
1.6,43,96,13,D4
1.7,44,96,14,D4
1.8,45,96,10,D4
1.9,46,96,11,D4
2,47,96,12,D4
0.5,48,96,13,D4
0.6,49,96,14,D4
0.7,50,96,10,D4
0.8,30,96,11,D4
0.9,31,96,12,D4
1,32,96,13,D4
1.1,33,96,14,D4
1.2,34,96,10,D4
1.3,35,96,11,D4
1.4,36,96,12,D4
1.5,37,96,13,D4
1.6,38,96,14,D4
1.7,39,96,10,D4
1.8,40,96,11,D4
1.9,41,96,12,D4
2,42,96,13,D4
0.5,43,96,14,D4
0.6,44,96,10,D4
0.7,45,96,11,D4
0.8,46,96,12,D4
0.9,47,96,13,D4
1,48,96,14,D4
1.1,49,96,10,D4
1.2,50,96,11,D4
1.3,30,96,12,D4
1.4,31,96,13,D4
1.5,32,96,14,D4
1.6,33,96,10,D4
1.7,34,96,11,D4
1.8,35,96,12,D4
1.9,36,96,13,D4
2,37,96,14,D4
0.5,38,96,10,D4
0.6,39,96,11,D4
0.7,40,96,12,D4
0.8,41,96,13,D4
0.9,42,96,14,D4
1,43,96,10,D4
1.1,44,96,11,D4
1.2,45,96,12,D4
1.3,46,96,13,D4
1.4,47,96,14,D4
1.5,48,97,10,D4
1.6,49,97,11,D4
1.7,50,97,12,D4
1.8,30,97,13,D4
1.9,31,97,14,D4
2,32,97,10,D4
0.5,33,97,11,D4
0.6,34,97,12,D4
0.7,35,97,13,D4
0.8,36,97,14,D4
0.9,37,97,10,D4
1,38,97,11,D4
1.1,39,97,12,D4
1.2,40,97,13,D4
1.3,41,97,14,D4
1.4,42,97,10,D4
1.5,43,97,11,D4
1.6,44,97,12,D4
1.7,45,97,13,D4
1.8,46,97,14,D4
1.9,47,97,10,D4
2,48,97,11,D4
0.5,49,97,12,D4
0.6,50,97,13,D4
0.7,30,97,14,D4
0.8,31,97,10,D4
0.9,32,97,11,D4
1,33,97,12,D4
1.1,34,97,13,D4
1.2,35,97,14,D4
1.3,36,97,10,D4
1.4,37,97,11,D4
1.5,38,97,12,D4
1.6,39,97,13,D4
1.7,40,97,14,D4
1.8,41,97,10,D4
1.9,42,97,11,D4
2,43,97,12,D4
0.5,44,97,13,D4
0.6,45,97,14,D4
0.7,46,97,10,D4
0.8,47,97,11,D4
0.9,48,97,12,D4
1,49,97,13,D4
1.1,50,97,14,D4
1.2,30,97,10,D4
1.3,31,97,11,D4
1.4,32,97,12,D4
1.5,33,97,13,D4
1.6,34,97,14,D4
1.7,35,97,10,D4
1.8,36,97,11,D4
1.9,37,97,12,D4
2,38,97,13,D4
0.5,39,97,14,D4
0.6,40,97,10,D4
0.7,41,97,11,D4
0.8,42,97,12,D4
0.9,43,97,13,D4
1,44,97,14,D4
1.1,45,97,10,D4
1.2,46,97,11,D4
1.3,47,97,12,D4
1.4,48,97,13,D4
1.5,49,97,14,D4
1.6,50,97,10,D4
1.7,30,97,11,D4
1.8,31,97,12,D4
1.9,32,97,13,D4
2,33,97,14,D4
0.5,34,97,10,D4
0.6,35,97,11,D4
0.7,36,97,12,D4
0.8,37,97,13,D4
0.9,38,97,14,D4
1,39,97,10,D4
1.1,40,97,11,D4
1.2,41,97,12,D4
1.3,42,97,13,D4
1.4,43,97,14,D4
1.5,44,97,10,D4
1.6,45,97,11,D4
1.7,46,97,12,D4
1.8,47,97,13,D4
1.9,48,97,14,D4
2,49,97,10,D4
0.5,50,97,11,D4
0.6,30,97,12,D4
0.7,31,97,13,D4
0.8,32,97,14,D4
0.9,33,98,10,D4
1,34,98,11,D4
1.1,35,98,12,D4
1.2,36,98,13,D4
1.3,37,98,14,D4
1.4,38,98,10,D4
1.5,39,98,11,D4
1.6,40,98,12,D4
1.7,41,98,13,D4
1.8,42,98,14,D4
1.9,43,98,10,D4
2,44,98,11,D4
0.5,45,98,12,D4
0.6,46,98,13,D4
0.7,47,98,14,D4
0.8,48,98,10,D4
0.9,49,98,11,D4
1,50,98,12,D4
1.1,30,98,13,D4
1.2,31,98,14,D4
1.3,32,98,10,D4
1.4,33,98,11,D4
1.5,34,98,12,D4
1.6,35,98,13,D4
1.7,36,98,14,D4
1.8,37,98,10,D4
1.9,38,98,11,D4
2,39,98,12,D4
0.5,40,98,13,D4
0.6,41,98,14,D4
0.7,42,98,10,D4
0.8,43,98,11,D4
0.9,44,98,12,D4
1,45,98,13,D4
1.1,46,98,14,D4
1.2,47,98,10,D4
1.3,48,98,11,D4
1.4,49,98,12,D4
1.5,50,98,13,D4
1.6,30,98,14,D4
1.7,31,98,10,D4
1.8,32,98,11,D4
1.9,33,98,12,D4
2,34,98,13,D4
0.5,35,98,14,D4
0.6,36,98,10,D4
0.7,37,98,11,D4
0.8,38,98,12,D4
0.9,39,98,13,D4
1,40,98,14,D4
1.1,41,98,10,D4
1.2,42,98,11,D4
1.3,43,98,12,D4
1.4,44,98,13,D4
1.5,45,98,14,D4
1.6,46,98,10,D4
1.7,47,98,11,D4
1.8,48,98,12,D4
1.9,49,98,13,D4
2,50,98,14,D4
0.5,30,98,10,D4
0.6,31,98,11,D4
0.7,32,98,12,D4
0.8,33,98,13,D4
0.9,34,98,14,D4
1,35,98,10,D4
1.1,36,98,11,D4
1.2,37,98,12,D4
1.3,38,98,13,D4
1.4,39,98,14,D4
1.5,40,98,10,D4
1.6,41,98,11,D4
1.7,42,98,12,D4
1.8,43,98,13,D4
1.9,44,98,14,D4
2,45,98,10,D4
0.5,46,98,11,D4
0.6,47,98,12,D4
0.7,48,98,13,D4
0.8,49,98,14,D4
0.9,50,98,10,D4
1,30,98,11,D4
1.1,31,98,12,D4
1.2,32,98,13,D4
1.3,33,98,14,D4
1.4,34,98,10,D4
1.5,35,98,11,D4
1.6,36,98,12,D4
1.7,37,98,13,D4
1.8,38,98,14,D4
1.9,39,99,10,D4
2,40,99,11,D4
0.5,41,99,12,D4
0.6,42,99,13,D4
0.7,43,99,14,D4
0.8,44,99,10,D4
0.9,45,99,11,D4
1,46,99,12,D4
1.1,47,99,13,D4
1.2,48,99,14,D4
1.3,49,99,10,D4
1.4,50,99,11,D4
1.5,30,99,12,D4
1.6,31,99,13,D4
1.7,32,99,14,D4
1.8,33,99,10,D4
1.9,34,99,11,D4
2,35,99,12,D4
0.5,36,99,13,D4
0.6,37,99,14,D4
0.7,38,99,10,D4
0.8,39,99,11,D4
0.9,40,99,12,D4
1,41,99,13,D4
1.1,42,99,14,D4
1.2,43,99,10,D4
1.3,44,99,11,D4
1.4,45,99,12,D4
1.5,46,99,13,D4
1.6,47,99,14,D4
1.7,48,99,10,D4
1.8,49,99,11,D4
1.9,50,99,12,D4
2,30,99,13,D4
0.5,31,99,14,D4
0.6,32,99,10,D4
0.7,33,99,11,D4
0.8,34,99,12,D4
0.9,35,99,13,D4
1,36,99,14,D4
1.1,37,99,10,D4
1.2,38,99,11,D4
1.3,39,99,12,D4
1.4,40,99,13,D4
1.5,41,99,14,D4
1.6,42,99,10,D4
1.7,43,99,11,D4
1.8,44,99,12,D4
1.9,45,99,13,D4
2,46,99,14,D4
0.5,47,99,10,D4
0.6,48,99,11,D4
0.7,49,99,12,D4
0.8,50,99,13,D4
0.9,30,99,14,D4
1,31,99,10,D4
1.1,32,99,11,D4
1.2,33,99,12,D4
1.3,34,99,13,D4
1.4,35,99,14,D4
1.5,36,99,10,D4
1.6,37,99,11,D4
1.7,38,99,12,D4
1.8,39,99,13,D4
1.9,40,99,14,D4
2,41,99,10,D4
0.5,42,99,11,D4
0.6,43,99,12,D4
0.7,44,99,13,D4
0.8,45,99,14,D4
0.9,46,99,10,D4
1,47,99,11,D4
1.1,48,99,12,D4
1.2,49,99,13,D4
1.3,50,99,14,D4
1.4,30,99,10,D4
1.5,31,99,11,D4
1.6,32,99,12,D4
1.7,33,99,13,D4
1.8,34,99,14,D4
1.9,35,99,10,D4
2,36,99,11,D4
0.5,37,99,12,D4
0.6,38,99,13,D4
0.7,39,99,14,D4
0.8,40,99,10,D4
0.9,41,99,11,D4
1,42,99,12,D4
1.1,43,99,13,D4
1.2,44,99,14,D4
1.3,45,100,10,D4
1.4,46,100,11,D4
1.5,47,100,12,D4
1.6,48,100,13,D4
1.7,49,100,14,D4
1.8,50,100,10,D4
1.9,30,100,11,D4
2,31,100,12,D4
0.5,32,100,13,D4
0.6,33,100,14,D4
0.7,34,100,10,D4
0.8,35,100,11,D4
0.9,36,100,12,D4
1,37,100,13,D4
1.1,38,100,14,D4
1.2,39,100,10,D4
1.3,40,100,11,D4
1.4,41,100,12,D4
1.5,42,100,13,D4
1.6,43,100,14,D4
1.7,44,100,10,D4
1.8,45,100,11,D4
1.9,46,100,12,D4
2,47,100,13,D4
0.5,48,100,14,D4
0.6,49,100,10,D4
0.7,50,100,11,D4
0.8,30,100,12,D4
0.9,31,100,13,D4
1,32,100,14,D4
1.1,33,100,10,D4
1.2,34,100,11,D4
1.3,35,100,12,D4
1.4,36,100,13,D4
1.5,37,100,14,D4
1.6,38,100,10,D4
1.7,39,100,11,D4
1.8,40,100,12,D4
1.9,41,100,13,D4
2,42,100,14,D4
0.5,43,100,10,D4
0.6,44,100,11,D4
0.7,45,100,12,D4
0.8,46,100,13,D4
0.9,47,100,14,D4
1,48,100,10,D4
1.1,49,100,11,D4
1.2,50,100,12,D4
1.3,30,100,13,D4
1.4,31,100,14,D4
1.5,32,100,10,D4
1.6,33,100,11,D4
1.7,34,100,12,D4
1.8,35,100,13,D4
1.9,36,100,14,D4
2,37,100,10,D4
0.5,38,100,11,D4
0.6,39,100,12,D4
0.7,40,100,13,D4
0.8,41,100,14,D4
0.9,42,100,10,D4
1,43,100,11,D4
1.1,44,100,12,D4
1.2,45,100,13,D4
1.3,46,100,14,D4
1.4,47,100,10,D4
1.5,48,100,11,D4
1.6,49,100,12,D4
1.7,50,100,13,D4
1.8,30,100,14,D4
1.9,31,100,10,D4
2,32,100,11,D4
0.5,33,100,12,D4
0.6,34,100,13,D4
0.7,35,100,14,D4
0.8,36,100,10,D4
0.9,37,100,11,D4
1,38,100,12,D4
1.1,39,100,13,D4
1.2,40,100,14,D4
1.3,41,100,10,D4
1.4,42,100,11,D4
1.5,43,100,12,D4
1.6,44,100,13,D4
1.7,45,100,14,D4
1.8,46,100,10,D4
1.9,47,100,11,D4
2,48,100,12,D4
0.5,49,100,13,D4
0.6,50,100,14,D4
